Offense,AverageIncarcerationDays,TotalCasesDays,TotalIncarcerationDays,MaxSentenceDays,MinSentenceDays,StdDevSentence,MedianSentence,ModeSentence,AverageProbationMonth,TotalProbationMonthInstances,TotalProbationMonths,MaxProbationMonth,MinProbationMonth,StdDevProbationMonth,MedianProbationMonth,ModeProbationMonth
ABANDON/NEGLECT OF ELDERLY/DIS,40.77777777777778,9,367,364,0,121.21239393908712,0.0,0,32.0,9,288,60,18,15.588457268119894,24.0,24
ABC ACT UNLAWFULLY MANUFACTURE,0.0,2,0,0,0,0.0,0.0,0,18.0,2,36,36,0,25.45584412271571,18.0,0
ABSCONDING FROM PAROLE,688.3846153846154,39,26847,1460,0,473.47009105698123,870.0,1095,5.538461538461538,39,216,48,0,11.951318257713917,0.0,0
ABUSE OF CHILD - CRUELTY - NEG,45.0,4,180,180,0,90.0,0.0,0,11.25,4,45,24,0,13.047988350699889,10.5,0
ABUSE/ABANDONMENT/CRUELTY & NE,64.5625,112,7231,914,0,168.62415060324741,0.0,0,16.017857142857142,112,1794,60,0,13.952933846842493,12.0,12
ACCOMPLICE LIABILITY-1ST DEGRE,1825.0,2,3650,2555,1095,1032.3759005323593,1825.0,1095,0.0,2,0,0,0,0.0,0.0,0
ACCOMPLICE LIABILITY-2ND DEGRE,730.0,2,1460,1460,0,1032.3759005323593,730.0,0,6.0,2,12,12,0,8.48528137423857,6.0,0
ACCOMPLICE LIABILITY-3RD DEGRE,181.33333333333334,3,544,364,0,182.00366296680224,180.0,0,19.333333333333332,3,58,36,0,18.14754345175493,22.0,0
ACCOMPLICE LIABILITY-AIDS ETC,1185.0,6,7110,1825,0,781.9398953883859,1460.0,1825,4.0,6,24,24,0,9.797958971132712,0.0,0
ACCOMPLICE LIABILITY-OWN CONDU,1885.8333333333333,42,79205,5475,0,1734.4721966099685,1277.5,0,9.428571428571429,42,396,60,0,17.884647806923688,0.0,0
ACCOMPLICE LIABILITY-SOLICIT A,14600.0,1,14600,14600,14600,,14600.0,14600,0.0,1,0,0,0,,0.0,0
AGG ARSON-DANGER OF BI,912.5,4,3650,1460,0,632.1985447626403,1095.0,1095,15.0,4,60,60,0,30.0,0.0,0
AGG ARSON-PURP DESTROY STRUCTU,1893.375,16,30294,3650,0,925.5968794963245,1825.0,1825,7.5,16,120,60,0,20.493901531919196,0.0,0
AGG ARSON-PURPOSE OR KNOWING D,2307.1428571428573,14,32300,5110,1095,1021.4727570555142,2097.5,1460,0.0,14,0,0,0,0.0,0.0,0
AGG ARSON-TO COLLECT INSUR + R,0.0,1,0,0,0,,0.0,0,60.0,1,60,60,60,,60.0,60
AGG ASLT CAUSING BODILY INJURY,1095.0,1,1095,1095,1095,,1095.0,1095,0.0,1,0,0,0,,0.0,0
AGG ASLT-BODILY INJURY,781.8571428571429,7,5473,1825,0,772.4110366403432,364.0,0,6.857142857142857,7,48,36,0,13.60672102833218,0.0,0
AGG ASSAULT,470.15,20,9403,1825,0,616.8299496961097,135.0,0,21.6,20,432,60,0,24.80746916385848,12.0,0
AGG ASSAULT - ON DOMESTIC VIOL,369.7848484848485,660,244058,1825,0,530.4080478182974,127.0,0,23.042424242424243,660,15208,60,0,18.799832600278684,24.0,0
AGG ASSAULT - STRANGLE DOMESTI,770.7392923649907,537,413887,132860,0,8095.491852331044,64.0,0,23.4171322160149,537,12575,60,0,18.116155195678356,24.0,0
AGG ASSAULT W/ FIREARM,543.7888888888889,180,97882,1825,0,338.3889367304312,540.0,540,3.8666666666666667,180,696,60,0,11.514576625318673,0.0,0
AGG ASSAULT-AGAINST A JUDGE/JU,200.0,1,200,200,200,,200.0,200,0.0,1,0,0,0,,0.0,0
AGG ASSAULT-ASSAULT ON A HEALT,439.35714285714283,14,6151,1460,0,404.357725695541,364.0,364,13.714285714285714,14,192,60,0,19.32486867874008,0.0,0
AGG ASSAULT-ASSAULT ON BUS DRI,646.0,6,3876,2920,0,1138.475471848208,208.0,0,18.0,6,108,60,0,24.883729623993265,6.0,0
AGG ASSAULT-ASSAULT ON CORREC/,594.6326530612245,49,29137,1825,0,489.13042287127394,483.0,540,12.979591836734693,49,636,60,0,20.17474679303969,0.0,0
AGG ASSAULT-ASSAULT ON DCPP/DY,0.0,2,0,0,0,0.0,0.0,0,30.0,2,60,36,24,8.48528137423857,30.0,24
AGG ASSAULT-ASSAULT ON SCHOOL,90.0,2,180,180,0,127.27922061357856,90.0,0,45.0,2,90,60,30,21.213203435596427,45.0,30
AGG ASSAULT-ATTEMPT/CAUSE BI W,430.64989939637826,497,214033,2190,0,581.4038438140949,150.0,0,19.24547283702213,497,9565,60,0,18.556477235914773,24.0,0
AGG ASSAULT-ATTEMPT/CAUSE BODI,81.0,2,162,162,0,114.5512985522207,81.0,0,21.0,2,42,24,18,4.242640687119285,21.0,18
AGG ASSAULT-ATTEMPT/CAUSE SBI,1764.8066666666666,450,794163,7300,0,875.5473072659059,1825.0,1825,2.4133333333333336,450,1086,84,0,10.155047457503214,0.0,0
AGG ASSAULT-ATTEMPT/CAUSE SIGN,450.5243179122183,843,379792,7610,0,637.2486978499838,180.0,0,19.172004744958482,843,16162,60,0,19.39268109217934,18.0,0
AGG ASSAULT-CAUSE BODILY INJUR,1518.392857142857,28,42515,3650,0,668.7482136652204,1460.0,1095,0.8571428571428571,28,24,24,0,4.535573676110728,0.0,0
AGG ASSAULT-CAUSE INJURY WITH,110.90322580645162,62,6876,591,0,182.57688339458343,0.0,0,15.241935483870968,62,945,48,0,13.550979014745192,16.5,0
AGG ASSAULT-EMERGENCY 1ST AID/,149.8,25,3745,1460,0,300.4093041168998,33.0,0,24.72,25,618,60,0,20.517309765171458,24.0,0
AGG ASSAULT-FIRE/EXPLOSION-BI,2555.0,1,2555,2555,2555,,2555.0,2555,0.0,1,0,0,0,,0.0,0
AGG ASSAULT-ON LAW ENFORCEMENT,245.77053140096618,414,101749,1825,0,392.24120784836146,69.5,0,18.28985507246377,414,7572,60,0,18.573407621681177,12.0,0
AGG ASSAULT-ON PAID/VOLUNTEER,267.75,8,2142,1095,0,355.1059198122643,184.0,0,7.5,8,60,36,0,12.727922061357855,0.0,0
"AGG ASSAULT-POINT, ETC. IMITAT",0.0,1,0,0,0,,0.0,0,12.0,1,12,12,12,,12.0,12
AGG ASSAULT-POINT/DISPLAY FIRE,0.0,1,0,0,0,,0.0,0,12.0,1,12,12,12,,12.0,12
AGG ASSAULT-SIMPLE ASSAULT ON,236.36363636363637,11,2600,1460,0,449.16083371711574,0.0,0,16.90909090909091,11,186,48,0,17.14324674881946,12.0,0
AGG ASSLT SBI,401.52,25,10038,2190,0,653.6712425473017,0.0,0,20.16,25,504,60,0,22.905021283552653,12.0,0
AGG ASSLT W/DW-BI,730.0,3,2190,1095,0,632.1985447626403,1095.0,1095,4.0,3,12,12,0,6.928203230275509,0.0,0
AGG ASSLT W/DW-BI-RECKLESS,156.5,2,313,313,0,221.32442251138937,156.5,0,12.0,2,24,24,0,16.97056274847714,12.0,0
AGG ASSLT W/FIREARM,817.5,2,1635,1095,540,392.44426355853386,817.5,540,0.0,2,0,0,0,0.0,0.0,0
AGG CRIM SEX CONTACT,0.0,1,0,0,0,,0.0,0,24.0,1,24,24,24,,24.0,24
AGG CRIMINAL SEXUAL CONTACT-FO,365.0,1,365,365,365,,365.0,365,0.0,1,0,0,0,,0.0,0
AGG SEX ASSAULT,11132.5,6,66795,20075,3650,7147.85195006164,8212.5,20075,0.0,6,0,0,0,0.0,0.0,0
AGG SEX ASSAULT-D ARMED W/ & T,5475.0,4,21900,12045,1825,4509.8798949269885,4015.0,1825,0.0,4,0,0,0,0.0,0.0,0
AGG SEX ASSAULT-DURING ROBBERY,13067.0,5,65335,46720,1825,18920.94659365646,6570.0,6570,0.0,5,0,0,0,0.0,0.0,0
AGG SEX ASSAULT-FORCE/COERCION,3893.3333333333335,3,11680,4380,3650,421.46569650842673,3650.0,3650,0.0,3,0,0,0,0.0,0.0,0
AGG SEX ASSAULT-V >=13 & < 16-,3406.6666666666665,3,10220,4380,2555,918.563189624608,3285.0,2555,0.0,3,0,0,0,0.0,0.0,0
AGG SEX ASSAULT-V >=13 & <16-D,5475.0,1,5475,5475,5475,,5475.0,5475,0.0,1,0,0,0,,0.0,0
"AGG SEX ASSAULT-V HELPLESS, IN",5183.0,10,51830,10950,2190,2708.5525039523727,5110.0,2555,0.0,10,0,0,0,0.0,0.0,0
AGG SEX ASSAULT-V>=13 & <16-D,4434.5,10,44345,7665,1825,1699.3094185580212,4745.0,4745,0.0,10,0,0,0,0.0,0.0,0
AGG SEX ASSAULT-VIC >=13 & <16,5426.333333333333,15,81395,19345,1825,4278.596009151111,3650.0,3650,0.0,15,0,0,0,0.0,0.0,0
AGG SEX ASSLT-<13 YRS.,4015.0,2,8030,5475,2555,2064.7518010647186,4015.0,2555,0.0,2,0,0,0,0.0,0.0,0
AGGRAVATED ARSON,3650.0,1,3650,3650,3650,,3650.0,3650,0.0,1,0,0,0,,0.0,0
AGGRAVATED ASSAULT ON A UTILIT,175.0,1,175,175,175,,175.0,175,36.0,1,36,36,36,,36.0,36
AGGRAVATED CRIMINAL SEXUAL CON,507.2083333333333,24,12173,1825,0,619.532922181434,335.0,0,6.0,24,144,60,0,15.42443008601163,0.0,0
AGGRAVATED MANSLAUGHTER-EXTREM,6289.854651162791,172,1081855,18615,1825,2593.179449462134,5840.0,3650,0.0,172,0,0,0,0.0,0.0,0
AGGRAVATED MANSLAUGHTER-WHILE,3650.0,1,3650,3650,3650,,3650.0,3650,0.0,1,0,0,0,,0.0,0
AGGRAVATED SEXUAL ASSAULT - VI,7564.358974358975,78,590020,32850,1825,5351.87055289255,5475.0,5475,0.0,78,0,0,0,0.0,0.0,0
APPLICATION TO OBTAIN OR RENEW,16.0,1,16,16,16,,16.0,16,0.0,1,0,0,0,,0.0,0
ARMED ROBBERY,1825.0,1,1825,1825,1825,,1825.0,1825,0.0,1,0,0,0,,0.0,0
ARSON-RECKLESS DANGER OF DEATH,376.25,20,7525,1825,0,623.1894934422772,13.0,0,23.4,20,468,60,0,24.149534156997724,24.0,0
ARSON-RECKLESS DANGER TO BLDG/,327.325,40,13093,1825,0,554.8211718133219,0.0,0,27.0,40,1080,60,0,21.005493786882734,24.0,0
ASSAULT BY AUTO/VESSEL - SBI/B,180.0,1,180,180,180,,180.0,180,60.0,1,60,60,60,,60.0,60
ASSAULT BY AUTO/VESSEL BI VIOL,60.8433734939759,166,10100,540,0,135.90352923619602,0.0,0,23.77710843373494,166,3947,60,0,16.838763542753874,24.0,24
ASSAULT BY AUTO/VESSEL DWI CAU,0.0,1,0,0,0,,0.0,0,0.0,1,0,0,0,,0.0,0
ASSAULT BY AUTO/VESSEL IN VIOL,0.0,1,0,0,0,,0.0,0,48.0,1,48,48,48,,48.0,48
ASSAULT BY AUTO/VESSEL SBI VIO,267.13513513513516,74,19768,1825,0,474.0237068322876,0.0,0,29.27027027027027,74,2166,60,0,21.066299320223308,36.0,36
ASSAULT BY AUTO/VESSEL-BI WHIL,227.5,6,1365,1095,0,438.49458377498803,0.0,0,24.0,6,144,48,0,20.079840636817814,30.0,0
ASSAULT BY AUTO/VESSEL-DRIVE I,363.3333333333333,3,1090,540,10,305.9956426705017,540.0,540,8.0,3,24,24,0,13.856406460551018,0.0,0
ASSAULT BY AUTO/VESSEL-RECKLES,66.9298245614035,57,3815,910,0,178.72723228119784,0.0,0,20.157894736842106,57,1149,60,0,18.307677423189954,12.0,0
ASSAULT BY AUTO/VESSEL-SBI & D,637.5,2,1275,1095,180,647.002704785691,637.5,180,18.0,2,36,36,0,25.45584412271571,18.0,0
ASSAULT BY AUTO/VESSEL-SBI WHI,1825.0,1,1825,1825,1825,,1825.0,1825,0.0,1,0,0,0,,0.0,0
ASSAULT BY AUTO/VESSEL-SBI-DWI,1825.0,1,1825,1825,1825,,1825.0,1825,0.0,1,0,0,0,,0.0,0
ASSAULT INSTITUTE ELDERLY PERS,0.0,1,0,0,0,,0.0,0,12.0,1,12,12,12,,12.0,12
ASSAULT MUTUAL FIGHTING,0.0,2,0,0,0,0.0,0.0,0,6.0,2,12,12,0,8.48528137423857,6.0,0
"ASSAULT, SIMPLE, NEG BI, ATTEM",60.0,3,180,180,0,103.92304845413264,0.0,0,0.0,3,0,0,0,0.0,0.0,0
ATT CAUSE PURP KNOWLY BODILY I,0.0,2,0,0,0,0.0,0.0,0,6.0,2,12,12,0,8.48528137423857,6.0,0
ATT CAUSE PURR/ KNOWLY BODILY,0.0,4,0,0,0,0.0,0.0,0,15.0,4,60,24,12,6.0,12.0,12
"BAD CHECKS, MONEY ORDERS OR EL",0.0,3,0,0,0,0.0,0.0,0,0.0,3,0,0,0,0.0,0.0,0
BAD CHECKS-PAYMENT REFUSED,1216.6666666666667,3,3650,2555,0,1281.8378732637498,1095.0,0,1.6666666666666667,3,5,5,0,2.8867513459481287,0.0,0
"BAD CHECKS-VALUE $1,000-<$75,0",263.3015873015873,63,16588,1825,0,479.7797086876514,0.0,0,24.285714285714285,63,1530,60,0,21.778524914820053,24.0,0
"BAD CHECKS-VALUE $200-<$1,000",34.94736842105263,19,664,323,0,81.92033642794587,0.0,0,13.894736842105264,19,264,60,0,18.76727274581444,12.0,0
"BAD CHECKS-VALUE $75,000+",365.0,3,1095,1095,0,632.1985447626403,0.0,0,24.0,3,72,60,0,31.74901573277509,12.0,0
BAD CHECKS-VALUE <$200,0.0,21,0,0,0,0.0,0.0,0,7.428571428571429,21,156,24,0,8.88015443881146,0.0,0
BAIL JUMPING - UNDERLYING OFFE,368.25,8,2946,597,0,242.62419500124054,452.5,540,12.0,8,96,60,0,23.126978679826358,0.0,0
BAIL JUMPING -UNDERLYING OFFEN,744.2857142857143,42,31260,2190,0,708.6379682424894,1095.0,0,15.142857142857142,42,636,60,0,22.4983158487002,0.0,0
BIAS INTIMIDATION,0.0,1,0,0,0,,0.0,0,60.0,1,60,60,60,,60.0,60
BIAS INTIMIDATION-UNDERLYING O,541.4230769230769,26,14077,2555,0,942.1150746305643,0.0,0,17.307692307692307,26,450,60,0,19.22450359467153,12.0,0
BRIBERY - PUB. SERV/PARTY OFF,547.5,2,1095,1095,0,774.2819253992695,547.5,0,30.0,2,60,60,0,42.42640687119285,30.0,0
BURG TOOLS/POSS-KNOWING,180.0,1,180,180,180,,180.0,180,60.0,1,60,60,60,,60.0,60
BURGLARY,74.5,4,298,180,0,79.75587752636166,59.0,0,31.25,4,125,60,0,33.26033673912518,32.5,60
BURGLARY DEFINED,0.0,1,0,0,0,,0.0,0,12.0,1,12,12,12,,12.0,12
BURGLARY TOOLS - MANU/POSS - M,0.0,1,0,0,0,,0.0,0,5.0,1,5,5,5,,5.0,5
BURGLARY TOOLS - MANU/POSS-MAN,180.75,4,723,454,0,196.43043722057604,134.5,0,6.0,4,24,12,0,6.928203230275509,6.0,0
BURGLARY TOOLS - MANUFACTURE/P,0.0,3,0,0,0,0.0,0.0,0,8.0,3,24,12,0,6.928203230275509,12.0,12
BURGLARY-ELEMENTS,200.66666666666666,3,602,540,0,295.50183304564007,62.0,0,8.0,3,24,24,0,13.856406460551018,0.0,0
BURGLARY-ENTER,0.0,3,0,0,0,0.0,0.0,0,46.0,3,138,60,18,24.24871130596428,60.0,60
BURGLARY-ENTERING STRUCTURE ET,480.06756419845425,4011,1925551,9490,0,670.9978360119306,120.0,0,25.7409623535278,4011,103247,63,0,25.711325991879107,24.0,0
BURGLARY-INFLICT/ATTEMPT TO IN,985.3636363636364,11,10839,3285,0,1119.6639918053338,984.0,0,16.0,11,176,60,0,24.265201420964964,0.0,0
BURGLARY-NO BI AND/OR UNARMED,522.9918699186992,246,128656,2555,0,679.1523347609011,0.0,0,18.142276422764226,246,4463,60,0,24.520547013008425,0.0,0
BURGLARY-REMAIN IN STRUCTURE E,457.60176991150445,113,51709,3650,0,658.2614078527375,88.0,0,24.849557522123895,113,2808,60,0,25.8457723950228,18.0,0
BURGLARY-TRESPASS ON UTILITY C,259.3333333333333,12,3112,1825,0,501.1730482003439,166.0,0,31.75,12,381,60,0,24.015619917045655,36.0,0
CALLING 911 WITHOUT NEEDING 91,122.83333333333333,30,3685,1080,0,210.05419388295036,15.0,0,18.4,30,552,48,0,19.29373670034058,12.0,0
CARJACKING AND RETAIN DRIVER O,3406.6666666666665,3,10220,3650,2920,421.46569650842684,3650.0,3650,0.0,3,0,0,0,0.0,0.0,0
CARJACKING-INFLICT BI OR USES,2899.1176470588234,17,49285,5475,0,1426.8499343988904,2920.0,2920,7.0588235294117645,17,120,60,0,19.926334924652146,0.0,0
CARJACKING-THREATEN OCCUPANT /,2701.0,10,27010,5475,1825,1117.7452502446363,2555.0,2555,0.0,10,0,0,0,0.0,0.0,0
CARJACKING: THREATENS/COMMITS,3650.0,3,10950,3650,3650,0.0,3650.0,3650,0.0,3,0,0,0,0.0,0.0,0
CASINO CONTROL ACT-CERTAIN PER,117.15,40,4686,540,0,168.59381471149632,0.0,0,6.1,40,244,60,0,15.09593254778185,0.0,0
CASINO CONTROL ACT-SWINDLE/CHE,120.0,3,360,180,0,103.92304845413264,180.0,180,40.0,3,120,60,0,34.64101615137755,60.0,60
CAUSES CHILD HARM THAT MAKES C,0.0,4,0,0,0,0.0,0.0,0,25.5,4,102,60,0,25.15949125081825,21.0,0
CAUSING DEATH WHILE DRIVING W/,116.45,20,2329,1460,0,329.83193088538127,0.0,0,38.4,20,768,60,0,19.69878436003496,36.0,60
CAUSING SERIOUS INJURY DRIVING,49.0,16,784,364,0,98.60020283954795,0.0,0,26.25,16,420,60,0,13.83473888441701,24.0,24
CDS - MANU/DIST/PWID - HEROIN/,738.4527334851937,1756,1296723,10220,0,973.3638202334892,180.0,0,21.257972665148063,1756,37329,96,0,24.789485621308327,6.0,0
CDS - MANU/DIST/PWID - LSD - <,866.9090909090909,22,19072,2920,0,1124.5973209105268,90.0,0,31.818181818181817,22,700,60,0,28.19597465974509,36.0,60
CDS - MANU/DIST/PWID - LSD - =,2311.6666666666665,3,6935,3285,1825,842.9313930168537,1825.0,1825,0.0,3,0,0,0,0.0,0.0,0
CDS - MANU/DIST/PWID - MARIJ -,1825.0,1,1825,1825,1825,,1825.0,1825,0.0,1,0,0,0,,0.0,0
CDS - MANU/DIST/PWID - MARIJ >,259.9736842105263,38,9879,2920,0,614.2307202242011,0.0,0,26.68421052631579,38,1014,60,0,20.62942697866313,24.0,12
CDS - MANU/DIST/PWID - MARIJ<1,219.06666666666666,60,13144,1095,0,277.51108493155186,57.0,0,17.116666666666667,60,1027,60,0,21.605940541125875,12.0,0
CDS - MANU/DIST/PWID - MARIJ=/,257.1666666666667,144,37032,2555,0,520.9300316761339,0.0,0,24.458333333333332,144,3522,60,0,21.84845292245872,24.0,0
CDS - MANU/DIST/PWID - METH -,628.8252427184466,103,64769,4745,0,967.9221673779645,30.0,0,27.02912621359223,103,2784,60,0,27.596339736930158,24.0,0
CDS - MANU/DIST/PWID - OTHER S,374.1217391304348,115,43024,2190,0,594.5293162297364,0.0,0,24.46086956521739,115,2813,60,0,24.498222977632174,24.0,0
CDS - MANU/DIST/PWID - SCHD I,592.0533333333333,150,88808,2920,0,716.3714756299252,283.5,0,24.066666666666666,150,3610,60,0,24.79896800912638,18.0,0
CDS - MANU/DIST/PWID - SCHD V,0.0,1,0,0,0,,0.0,0,60.0,1,60,60,60,,60.0,60
CDS - MANU/DIST/PWID -MARI =/>,970.125,24,23283,3650,0,1158.6430711415608,135.0,0,27.5,24,660,60,0,27.745739978535838,18.0,0
CDS - POSS/USE/UNDER INFLUENCE,226.0,1,226,226,226,,226.0,226,0.0,1,0,0,0,,0.0,0
CDS - UNDER INFLUENCE W/O PRES,5.1,10,51,48,0,15.102979838429237,0.0,0,2.4,10,24,12,0,5.059644256269407,0.0,0
CDS MANU/DIST/PWID- MARIJ =/>,1966.6666666666667,3,5900,3650,0,1841.421552315855,2250.0,0,8.0,3,24,24,0,13.856406460551018,0.0,0
CDS-MANU/DIST/PWID-MARIJ=/>1OZ,156.2,25,3905,1095,0,321.0658032241989,0.0,0,26.16,25,654,60,0,19.509997437211517,24.0,12
"CDS-MANU/DIST/PWID-MJ=/<1OZ, H",230.5,2,461,461,0,325.9762261269984,230.5,0,6.0,2,12,12,0,8.48528137423857,6.0,0
CDS-UNDER INFLUENCE W/O PRESCR,8.625,8,69,48,0,17.524982168321884,0.0,0,4.5,8,36,12,0,6.2105900340811875,0.0,0
CDS/ANALOG - DISTRIBUTE ON/NEA,690.0284775465499,913,629996,3650,0,823.9077081013631,180.0,0,18.329682365826944,913,16735,72,0,22.578706530825425,3.0,0
CDW W/I DISTRIBUTE,851.6666666666666,3,2555,1460,0,759.8080898051385,1095.0,0,12.0,3,36,36,0,20.784609690826528,0.0,0
CERT PERSON NOT TO HAVE WEAP P,2113.8097826086955,184,388941,6570,0,721.9538393368965,1825.0,1825,0.45652173913043476,184,84,48,0,4.411641438888385,0.0,0
CERTAIN PERSONS NOT TO HAVE WE,353.6455696202532,79,27938,5110,0,712.8948935003237,39.0,0,17.050632911392405,79,1347,60,0,19.902904525939086,12.0,0
CIGARETTE ACT - POSS 2000+ UNS,0.0,1,0,0,0,,0.0,0,12.0,1,12,12,12,,12.0,12
CIGARETTE ACT - POSS 20K OR MO,0.0,1,0,0,0,,0.0,0,36.0,1,36,36,36,,36.0,36
CIGARETTE ACT - SELL CIGARETTE,249.0,1,249,249,249,,249.0,249,12.0,1,12,12,12,,12.0,12
CIGARETTE ACT - UNLAWFUL TRANS,0.0,2,0,0,0,0.0,0.0,0,18.0,2,36,24,12,8.48528137423857,18.0,12
CIRCULATE FALSE REPORT OF IMPE,258.7142857142857,35,9055,1460,0,410.36902843148175,0.0,0,22.62857142857143,35,792,60,0,17.827747233696453,24.0,24
CJ-INFLCT BI OR USES FORCE UPO,1095.0,1,1095,1095,1095,,1095.0,1095,0.0,1,0,0,0,,0.0,0
CJ-THRT/PURP/KNOW PUT OCPNT/PE,2190.0,2,4380,2555,1825,516.1879502661797,2190.0,1825,0.0,2,0,0,0,0.0,0.0,0
COMM BRIBERY-ACCPT BENEFIT TO,0.0,1,0,0,0,,0.0,0,30.0,1,30,30,30,,30.0,30
COMMERICAL BRIBERY-OFFER BENEF,48.0,1,48,48,48,,48.0,48,48.0,1,48,48,48,,48.0,48
COMMIT UNAUTHORIZED ACT DURING,0.0,1,0,0,0,,0.0,0,0.0,1,0,0,0,,0.0,0
COMPUTER CRIME -TAKE/COPY DATA,60.0,1,60,60,60,,60.0,60,48.0,1,48,48,48,,48.0,48
COMPUTER CRIME- ACCESS PURPOSE,466.1111111111111,9,4195,2190,0,880.6097950347312,0.0,0,46.666666666666664,9,420,60,0,26.457513110645905,60.0,60
COMPUTER CRIME-ACCESS COMP/DAT,1460.0,1,1460,1460,1460,,1460.0,1460,0.0,1,0,0,0,,0.0,0
COMPUTER CRIME-ACCESS DATA/COM,0.0,2,0,0,0,0.0,0.0,0,42.0,2,84,60,24,25.45584412271571,42.0,24
COMPUTER CRIME-ACCESS PURPOSE,669.1666666666666,6,4015,2555,0,1092.970341165151,0.0,0,18.0,6,108,60,0,23.6981011897578,12.0,0
COMPUTER CRIME-ALTER/DAMAGE/DI,1825.0,1,1825,1825,1825,,1825.0,1825,0.0,1,0,0,0,,0.0,0
COMPUTER CRIME-TAKE/COPY PERSO,150.0,2,300,300,0,212.13203435596427,150.0,0,54.0,2,108,60,48,8.48528137423857,54.0,48
CONSPIRACY,807.747572815534,103,83198,10950,0,1413.8800855942943,180.0,0,12.980582524271844,103,1337,60,0,20.91813200828798,0.0,0
CONSPIRACY - AGREE/AID IN COND,489.7586206896552,58,28406,2190,0,660.3428750608869,66.0,0,15.931034482758621,58,924,60,0,21.28162214250441,0.0,0
CONSPIRACY - AGREE/ENGAGE AID,423.4,25,10585,1825,0,655.3080064621012,0.0,0,12.08,25,302,60,0,19.83036392337098,0.0,0
CONSPIRACY - AGREE/ENGAGE IN C,442.35737704918034,1525,674595,14050,0,935.7066722689049,1.0,0,18.695737704918034,1525,28511,60,0,20.767220383355152,12.0,0
CONTEMPT,912.5,2,1825,1825,0,1290.4698756654493,912.5,0,30.0,2,60,60,0,42.42640687119285,30.0,0
CONTEMPT - JUDICIAL ORDER,0.0,2,0,0,0,0.0,0.0,0,24.0,2,48,36,12,16.97056274847714,24.0,12
CONTEMPT - KNOWING VIOLATION O,60.0,3,180,180,0,103.92304845413264,0.0,0,44.0,3,132,60,24,18.33030277982336,48.0,24
CONTEMPT - VIOLATE DOMESTIC VI,43.22222222222222,90,3890,555,0,89.27923343698761,0.0,0,10.644444444444444,90,958,60,0,11.753374950268457,12.0,0
CONTEMPT - VIOLATE DV ORDER,270.0,2,540,540,0,381.8376618407357,270.0,0,30.0,2,60,60,0,42.42640687119285,30.0,0
CONTEMPT - VIOLATE DV ORDER BY,702.5729729729729,370,259952,194180,0,10087.698150974553,127.0,0,16.802702702702703,370,6217,60,0,18.130406663727477,12.0,0
CONTEMPT - VIOLATE DV ORDER W/,0.0,2,0,0,0,0.0,0.0,0,0.0,2,0,0,0,0.0,0.0,0
CONTEMPT - VIOLATE ORDER,275.0,2,550,550,0,388.90872965260115,275.0,0,12.0,2,24,24,0,16.97056274847714,12.0,0
CONTEMPT-KNWING VIO SEX ASSAUL,0.0,1,0,0,0,,0.0,0,12.0,1,12,12,12,,12.0,12
CONTEMPT-VIOLATE JUDICIAL/REST,181.65373961218836,361,65577,1825,0,286.0097886701487,56.0,0,20.0803324099723,361,7249,60,0,21.06739650371522,12.0,0
CONTRACTOR - MUST REGISTER DIV,118.88888888888889,9,1070,540,0,222.45979661752617,3.0,0,15.333333333333334,9,138,36,0,13.114877048604,18.0,0
CORP MISCONDUCT-MAKE DIVIDND W,0.0,1,0,0,0,,0.0,0,24.0,1,24,24,24,,24.0,24
CORPORATE MISCONDUCT-OPER CORP,182.0,2,364,364,0,257.3868683519033,182.0,0,33.0,2,66,48,18,21.213203435596427,33.0,18
CORPORATE MISCONDUCT-OPERATE,365.0,3,1095,1095,0,632.1985447626403,0.0,0,26.0,3,78,60,0,30.789608636681304,18.0,0
CREATE/DISTR/POSS W/INTENT TO,0.0,1,0,0,0,,0.0,0,60.0,1,60,60,60,,60.0,60
CREDIT CARD CRIME-CRED CARD TH,127.25,220,27995,1095,0,212.43357543618836,0.0,0,18.195454545454545,220,4003,60,0,20.630982094095128,12.0,0
CREDIT CARD CRIME-CREDIT CARD,173.42857142857142,7,1214,1095,0,406.97332309905244,30.0,0,42.857142857142854,7,300,60,0,29.277002188455995,60.0,60
CREDIT CARD CRIME-INT TO COMM,296.0,17,5032,1825,0,582.0466046632348,0.0,0,26.823529411764707,17,456,60,0,23.442043677220333,24.0,0
CREDIT CARD CRIME-INTENT TO CO,0.0,1,0,0,0,,0.0,0,60.0,1,60,60,60,,60.0,60
CREDIT CARD CRIME-POSS 2+ INCO,1095.0,1,1095,1095,1095,,1095.0,1095,0.0,1,0,0,0,,0.0,0
CREDIT CARD CRIMES-FALSE STATE,363.0,2,726,540,186,250.31580054003783,363.0,186,12.0,2,24,24,0,16.97056274847714,12.0,0
CREDIT CARD CRIMES-POSSESS MAT,73.5,12,882,365,0,116.20788582223123,3.5,0,24.5,12,294,60,0,21.47514419466883,24.0,0
CREDIT CARD CRIMES-RE-ENCODER,0.0,1,0,0,0,,0.0,0,36.0,1,36,36,36,,36.0,36
CREDIT CARD CRIMES-SCAN DEVICE,548.1666666666666,6,3289,1460,0,605.6525131349383,367.0,0,6.0,6,36,24,0,10.039920318408907,0.0,0
CREDIT CARD THEFT - FRAUDULENT,316.74937343358397,399,126383,2190,0,539.1703820200034,0.0,0,25.097744360902254,399,10014,60,0,24.17945824309262,24.0,0
CRIM MISCHIEF-TAMPER W/AIRPORT,1095.0,1,1095,1095,1095,,1095.0,1095,0.0,1,0,0,0,,0.0,0
CRIM SEX CONTACT PER 2C:14-2C,599.0,1,599,599,599,,599.0,599,0.0,1,0,0,0,,0.0,0
CRIM TRESPASS-ENTER/REMAIN,96.88888888888889,9,872,293,0,104.41437214823978,108.0,0,21.333333333333332,9,192,60,0,26.68332812825267,0.0,0
CRIMINAL ATTEMPT,1315.9375,32,42110,25550,0,4497.784077617663,104.5,0,9.1875,32,294,60,0,20.21726745200267,0.0,0
CRIMINAL ATTEMPT - PURPOSELY E,1193.5320754716981,265,316286,18250,0,2298.783599600672,364.0,0,16.41509433962264,265,4350,60,0,22.878329334024077,0.0,0
CRIMINAL ATTEMPT-CONDUCT DESIG,865.0,2,1730,1460,270,841.4570696119915,865.0,270,18.0,2,36,36,0,25.45584412271571,18.0,0
CRIMINAL ATTEMPT-DEFINITION-DO,486.6666666666667,3,1460,1460,0,842.9313930168536,0.0,0,24.0,3,72,60,0,31.74901573277509,12.0,0
CRIMINAL ATTEMPT-OMISSION STEP,420.20588235294116,34,14287,2555,0,757.220066463679,0.0,0,25.735294117647058,34,875,60,0,22.863639021485902,24.0,0
CRIMINAL COERCION-THREAT ACCUS,0.0,1,0,0,0,,0.0,0,0.0,1,0,0,0,,0.0,0
CRIMINAL COERCION-THREAT EXPOS,1460.0,1,1460,1460,1460,,1460.0,1460,0.0,1,0,0,0,,0.0,0
CRIMINAL COERCION-THREAT HARM,0.0,2,0,0,0,0.0,0.0,0,60.0,2,120,60,60,0.0,60.0,60
CRIMINAL COERCION-THREAT INFLC,306.72727272727275,11,3374,1825,0,543.1769676466577,90.0,0,6.545454545454546,11,72,36,0,14.562717029206029,0.0,0
CRIMINAL COERCION-THRET OFFIC,0.0,1,0,0,0,,0.0,0,12.0,1,12,12,12,,12.0,12
CRIMINAL MISCHIEF,0.0,1,0,0,0,,0.0,0,24.0,1,24,24,24,,24.0,24
CRIMINAL MISCHIEF CAUSING PECU,450.0,2,900,540,360,127.27922061357856,450.0,360,0.0,2,0,0,0,0.0,0.0,0
CRIMINAL MISCHIEF DAMAGE $500,0.0,4,0,0,0,0.0,0.0,0,3.0,4,12,12,0,6.0,0.0,0
CRIMINAL MISCHIEF DAMAGE <= 50,0.0,2,0,0,0,0.0,0.0,0,6.0,2,12,12,0,8.48528137423857,6.0,0
CRIMINAL MISCHIEF DAMAGE BETWE,383.44444444444446,9,3451,1095,0,444.2049389389741,300.0,0,16.0,9,144,60,0,26.153393661244042,0.0,0
CRIMINAL MISCHIEF DAMAGE MORE,273.75,4,1095,1095,0,547.5,0.0,0,9.0,4,36,12,0,6.0,12.0,12
CRIMINAL MISCHIEF TO A TRAFFIC,0.0,5,0,0,0,0.0,0.0,0,2.4,5,12,12,0,5.366563145999495,0.0,0
CRIMINAL MISCHIEF-BREAK GAS/OI,288.0,5,1440,360,0,160.99689437998487,360.0,360,0.0,5,0,0,0,0.0,0.0,0
CRIMINAL MISCHIEF-DAMAGE PROPE,158.2577319587629,679,107457,1825,0,301.03999650206526,0.0,0,16.61413843888071,679,11281,60,0,18.896976716217186,12.0,0
CRIMINAL MISCHIEF-ENDANGER-DAM,73.19047619047619,42,3074,628,0,153.1602441722057,0.0,0,9.571428571428571,42,402,60,0,14.93750045558584,0.0,0
CRIMINAL MISCHIEF-ENDANGER-MOR,836.3333333333334,12,10036,1825,0,655.8380250881427,1095.0,1095,9.666666666666666,12,116,60,0,19.027890215696697,0.0,0
CRIMINAL MISCHIEF-IMPAIR PUBLI,782.1428571428571,7,5475,1825,0,772.2308438481826,1095.0,0,3.4285714285714284,7,24,24,0,9.071147352221454,0.0,0
CRIMINAL RESTRAINT - HOLD VIC,299.0,9,2691,1460,0,456.26554768029547,180.0,0,22.666666666666668,9,204,60,0,21.166010488516726,24.0,0
CRIMINAL RESTRAINT - RISK OF S,492.0574712643678,87,42809,2370,0,697.6596817520475,90.0,0,21.79310344827586,87,1896,60,0,21.98103724568408,24.0,0
CRIMINAL SEXUAL CONTACT,177.43367346938774,196,34777,1825,0,281.8733861765626,0.0,0,19.979591836734695,196,3916,60,0,19.558973069280913,24.0,0
CRIMINAL SIMULATION,156.85714285714286,7,1098,540,0,214.10778327081636,0.0,0,13.714285714285714,7,96,60,0,22.373453657659308,0.0,0
CRIMINAL TRESPASS,0.0,2,0,0,0,0.0,0.0,0,18.0,2,36,36,0,25.45584412271571,18.0,0
CRIMINAL TRESPASS-DEFIANT TRES,17.242857142857144,70,1207,616,0,81.15032315548821,0.0,0,3.9,70,273,60,0,10.994267280882264,0.0,0
CRIMINAL TRESPASS-PEERING INTO,177.06451612903226,31,5489,540,0,218.96345745106586,7.0,0,17.419354838709676,31,540,60,0,22.25424932239292,12.0,0
CRIMINAL TRESPASS-RESEARCH FAC,139.09203980099502,402,55915,2190,0,239.09638492271407,0.0,0,18.350746268656717,402,7377,60,0,21.007512299360407,12.0,0
CRIMINAL TRESPASS-STRUCT OTHER,46.945945945945944,148,6948,1095,0,133.97876691271958,0.0,0,4.337837837837838,148,642,60,0,8.957613000537705,0.0,0
CRIMINAL TRESPASS-UNLCNSED ENT,271.25,8,2170,550,0,289.9969211659225,270.0,0,0.0,8,0,0,0,0.0,0.0,0
CRIMINAL TRESPASS-UNLICENSED E,25.714285714285715,7,180,180,0,68.0336051416609,0.0,0,6.857142857142857,7,48,36,0,13.60672102833218,0.0,0
CRUELTY & NEGLECT OF CHILDREN,55.36940298507463,268,14839,540,0,134.57404612991715,0.0,0,22.794776119402986,268,6109,60,0,18.30041778104875,24.0,12
CRUELTY TO ANIMALS-BOD INJ-FAI,62.2,25,1555,540,0,135.2254290681552,0.0,0,35.04,25,876,60,0,20.39705861147631,36.0,36
CRUELTY TO ANIMALS-OVERDRIVE/O,0.0,3,0,0,0,0.0,0.0,0,8.0,3,24,12,0,6.928203230275509,12.0,12
CRUELTY TO ANIMALS-OWNER FAILS,0.0,3,0,0,0,0.0,0.0,0,8.0,3,24,12,0,6.928203230275509,12.0,12
CRUELTY TO ANIMALS-PROCURE TOR,0.0,1,0,0,0,,0.0,0,36.0,1,36,36,36,,36.0,36
CRUELTY TO ANIMALS-TORTURE/ETC,260.2142857142857,14,3643,1460,0,455.41666105318893,45.0,0,28.285714285714285,14,396,60,0,18.59457560037985,24.0,24
CRUELTY TO ANIMALS-TORTURE/TOR,146.25,8,1170,540,0,203.74616560809187,45.0,0,15.75,8,126,36,0,15.35996651782065,15.0,0
CRUELTY TO ANIMALS-UNNECESSARY,0.0,1,0,0,0,,0.0,0,12.0,1,12,12,12,,12.0,12
CYBER HARASS SEND/POST OBSCENE,53.0,30,1590,540,0,138.79779388090753,0.0,0,26.2,30,786,60,0,22.476654555338072,21.0,0
CYBER HARASS- THREATEN TO COMM,0.0,2,0,0,0,0.0,0.0,0,24.0,2,48,36,12,16.97056274847714,24.0,12
CYBER HARASSMENT,0.0,1,0,0,0,,0.0,0,12.0,1,12,12,12,,12.0,12
CYBER HARASSMENT-LEWD MATERIAL,0.0,1,0,0,0,,0.0,0,60.0,1,60,60,60,,60.0,60
CYBER HARRASSMENT- THREATEN IN,57.52173913043478,23,1323,364,0,124.81690938957436,0.0,0,18.26086956521739,23,420,60,0,15.18736733216832,12.0,12
DEATH BY AUTO OR VESSEL (VEHIC,1847.0,3,5541,3280,801,1284.0120715943444,1460.0,801,0.0,3,0,0,0,0.0,0.0,0
DEFIANT TRESPASSER,0.0,3,0,0,0,0.0,0.0,0,8.0,3,24,12,0,6.928203230275509,12.0,12
DEFRAUD ADMIN OF DRUG TEST - C,411.875,64,26360,1825,0,554.0946426522033,122.5,0,26.8125,64,1716,60,0,28.664936271140938,6.0,0
DEFRAUD ADMIN OF DRUG TEST REQ,0.0,1,0,0,0,,0.0,0,36.0,1,36,36,36,,36.0,36
DESTRUCTION/ALTERATION OF MEDI,0.0,1,0,0,0,,0.0,0,36.0,1,36,36,36,,36.0,36
DISARMING LAW ENFORCEMENT OFFI,1651.625,8,13213,2555,73,853.0498122283699,1825.0,1095,3.0,8,24,24,0,8.48528137423857,0.0,0
DISEASED PERSON COMMIT SEX PEN,74.0,2,148,148,0,104.65180361560904,74.0,0,24.0,2,48,36,12,16.97056274847714,24.0,12
DISORDERLY CONDUCT,0.0,15,0,0,0,0.0,0.0,0,2.4,15,36,12,0,4.9684720272649505,0.0,0
DISORDERLY CONDUCT BY IMPROPER,0.0,10,0,0,0,0.0,0.0,0,1.2,10,12,12,0,3.794733192202055,0.0,0
DISORDERLY CONDUCT-IMPROP BEHA,7.93841642228739,341,2707,625,0,48.68759072316149,0.0,0,3.43108504398827,341,1170,36,0,7.84662357108302,0.0,0
DISORDERLY CONDUCT-OFFENSIVE L,14.919540229885058,87,1298,422,0,61.05891519972779,0.0,0,2.8275862068965516,87,246,36,0,6.77582380909514,0.0,0
"DISPOSAL, TRANSPORTATION OF SO",0.0,1,0,0,0,,0.0,0,0.0,1,0,0,0,,0.0,0
DIST/POSS CDS W/IN 500 FT PUBL,561.5,30,16845,2555,0,819.4708869037132,0.0,0,26.566666666666666,30,797,60,0,25.111727351472908,30.0,0
DIST/POSS W/INT DIST 5 LBS MAR,0.0,1,0,0,0,,0.0,0,60.0,1,60,60,60,,60.0,60
DIST/POSS/PWID - IMITATION CDS,44.0,2,88,88,0,62.22539674441618,44.0,0,0.0,2,0,0,0,0.0,0.0,0
DIST/POSS/PWID DRUG PARAPHERNA,158.44,25,3961,1095,0,281.4462766971108,0.0,0,12.96,25,324,60,0,18.948350851723216,0.0,0
DIST/POSSESS PRES DRUG/STRAM P,90.0,1,90,90,90,,90.0,90,12.0,1,12,12,12,,12.0,12
DISTRIB PRES LEGEND DRUG/STRAM,1646.0,1,1646,1646,1646,,1646.0,1646,0.0,1,0,0,0,,0.0,0
DISTURBING/DESECRATING HUMAN R,2336.0,5,11680,3650,0,1473.6239343876034,2920.0,0,12.0,5,60,60,0,26.832815729997478,0.0,0
DRIVING ON THE REVOKED LIST,180.0,1,180,180,180,,180.0,180,24.0,1,24,24,24,,24.0,24
DRUG-INDUCE DEATH - STRICT LIA,3650.0,2,7300,3650,3650,0.0,3650.0,3650,0.0,2,0,0,0,0.0,0.0,0
DRUG-INDUCED DEATH - STRICT LI,3366.1111111111113,27,90885,10950,1825,1966.4539215656762,2920.0,1825,0.0,27,0,0,0,0.0,0.0,0
DRUNK OR DRUGGED DRIVER,0.0,4,0,0,0,0.0,0.0,0,42.0,4,168,60,12,20.784609690826528,48.0,48
DWI - PARENT/GUARDIAN WITH MIN,0.0,1,0,0,0,,0.0,0,12.0,1,12,12,12,,12.0,12
ELUDING LEO-FAIL TO STOP,180.0,3,540,540,0,311.7691453623979,0.0,0,8.0,3,24,12,0,6.928203230275509,12.0,12
EMPLOY JUVENILE IN CDS DISTRIB,2007.5,2,4015,2190,1825,258.0939751330898,2007.5,1825,0.0,2,0,0,0,0.0,0.0,0
EMPLOYING JUVENILE IN COMM OF,547.9166666666666,12,6575,1825,0,721.2230090532878,185.5,0,22.833333333333332,12,274,60,0,23.424281626059948,21.0,0
END WELFARE CHILD SELL PHOTO,443.2142857142857,14,6205,1825,0,643.1042717908227,0.0,0,18.857142857142858,14,264,60,0,22.43231577900042,12.0,0
ENDANGER DVLPMTL DISABLD-KNOWI,60.0,3,180,180,0,103.92304845413264,0.0,0,44.0,3,132,60,36,13.856406460551018,36.0,36
ENDANGER DVLPMTL DISABLD-RECKL,0.0,5,0,0,0,0.0,0.0,0,30.0,5,150,60,18,16.97056274847714,24.0,24
ENDANGERING - PHOTOGRAPH/FILM,2007.5,6,12045,3285,1460,642.6488154505538,1825.0,1825,0.0,6,0,0,0,0.0,0.0,0
ENDANGERING AN INJURED VICTIM,324.7826086956522,23,7470,1825,0,492.029836172355,0.0,0,26.52173913043478,23,610,60,0,22.18285489704603,18.0,0
ENDANGERING ANOTHER-KNOWINGLY,969.6363636363636,11,10666,3285,0,1137.6025028741165,364.0,0,25.09090909090909,11,276,60,0,25.990207946280634,12.0,0
ENDANGERING ANOTHER-KNOWNGLY C,97.91666666666667,12,1175,540,0,186.5166131198424,0.0,0,27.5,12,330,60,0,21.475144194668825,27.0,12
ENDANGERING ANOTHER-RECKLSSLY,32.94736842105263,19,626,626,0,143.61424940297167,0.0,0,10.421052631578947,19,198,36,0,9.765675657763348,12.0,12
ENDANGERING WELFARE OF CHILDRE,1095.0,1,1095,1095,1095,,1095.0,1095,0.0,1,0,0,0,,0.0,0
ENDANGERING WELFARE OF INCOMPE,0.0,1,0,0,0,,0.0,0,0.0,1,0,0,0,,0.0,0
ENDANGERING-ABUSE/NEGLECT OF A,662.7536945812808,406,269078,132860,0,6608.848633100413,0.0,0,30.01231527093596,406,12185,60,0,23.76671281610216,27.0,60
ENDANGERING-ABUSE/NEGLECT/SEXU,722.578947368421,19,13729,1825,0,764.2365337591259,364.0,0,8.210526315789474,19,156,60,0,17.459728098202387,0.0,0
ENDANGERING-DISTRIBUTE/POSSESS,2555.0,8,20440,4380,1825,975.503532980349,2190.0,1825,0.0,8,0,0,0,0.0,0.0,0
ENDANGERING-DISTRIBUTION CHILD,5475.0,1,5475,5475,5475,,5475.0,5475,0.0,1,0,0,0,,0.0,0
ENDANGERING-DISTRIBUTION OF CH,1624.3714285714286,35,56853,3650,8,757.2852087522626,1825.0,1095,3.4285714285714284,35,120,60,0,14.130246478608168,0.0,0
ENDANGERING-PERMIT CHILD TO EN,4464.2307692307695,13,58035,9125,2190,2113.398572357099,3650.0,3650,0.0,13,0,0,0,0.0,0.0,0
ENDANGERING-POSSESS CHILD PORN,3406.6666666666665,3,10220,5475,1095,2200.1155272697238,3650.0,1095,0.0,3,0,0,0,0.0,0.0,0
ENDANGERING-POSSESS/VIEW CHILD,777.125,8,6217,1825,0,836.1632508923464,736.0,0,6.0,8,48,24,0,11.109841197270617,0.0,0
ENDANGERING-SEX ACT/ABUSE/NEGL,0.0,1,0,0,0,,0.0,0,36.0,1,36,36,36,,36.0,36
ENDANGERING-SEXUAL CONDUCT WIT,975.6472602739726,292,284889,3650,0,813.3808503973742,1095.0,1095,3.6575342465753424,292,1068,60,0,12.81506756852123,0.0,0
ENDANGERING-STORE/MAINTAIN CHI,1752.0,20,35040,4015,0,959.142160584408,1825.0,1825,0.0,20,0,0,0,0.0,0.0,0
ESCAPE IMPLEMENTS-PROVIDE INMA,0.0,1,0,0,0,,0.0,0,36.0,1,36,36,36,,36.0,36
ESCAPE-FROM DETENTION,3036.7076923076925,65,197386,163885,0,20269.792863799725,364.0,1095,18.6,65,1209,60,0,24.267905760489512,0.0,0
ESCAPE-FROM DETENTION-USING FO,973.3333333333334,3,2920,1825,0,918.563189624608,1095.0,0,4.666666666666667,3,14,14,0,8.082903768654761,0.0,0
EXHIBIT FALSE DOCUMENT AS PROO,547.5,2,1095,1095,0,774.2819253992695,547.5,0,18.0,2,36,36,0,25.45584412271571,18.0,0
EXHIBIT FALSE MOTOR VEHICLE IN,21.77777777777778,9,196,180,0,59.48692666833986,0.0,0,17.333333333333332,9,156,60,0,20.0,12.0,0
EXTORT-BI,1460.0,1,1460,1460,1460,,1460.0,1460,0.0,1,0,0,0,,0.0,0
FAIL TO EXTING FIRE-STARTED OR,0.0,1,0,0,0,,0.0,0,12.0,1,12,12,12,,12.0,12
FAIL TO MAKE PROPER DISP OF CD,0.0,1,0,0,0,,0.0,0,12.0,1,12,12,12,,12.0,12
FAIL TO PAY OVER ANY TAX REQUI,0.0,1,0,0,0,,0.0,0,24.0,1,24,24,24,,24.0,24
FAIL TO PAY STATE TAX/ETC W/ I,98.0,3,294,294,0,169.74097914175,0.0,0,16.0,3,48,36,0,18.33030277982336,12.0,0
FAILURE TO MAKE LAWFUL DISPOSI,221.0,65,14365,1825,0,454.8491508181587,0.0,0,27.384615384615383,65,1780,60,0,22.89356644595561,24.0,0
FAILURE TO REGISTER W/DIVISION,365.0,1,365,365,365,,365.0,365,0.0,1,0,0,0,,0.0,0
FAILURE TO REPORT AN ACT OF CH,0.0,1,0,0,0,,0.0,0,0.0,1,0,0,0,,0.0,0
FAILURE TO TURN OVER TAXES -VA,1277.5,2,2555,2555,0,1806.6578259316288,1277.5,0,30.0,2,60,60,0,42.42640687119285,30.0,0
FALSE CLAIM-GOVT CONTRACT-MISR,0.0,5,0,0,0,0.0,0.0,0,12.0,5,60,60,0,26.832815729997478,0.0,0
FALSE CLAIM-GOVT CONTRACT-PAY,0.0,1,0,0,0,,0.0,0,60.0,1,60,60,60,,60.0,60
FALSE IMPRISONMENT,31.833333333333332,6,191,190,0,77.48655797405551,0.0,0,4.0,6,24,12,0,6.196773353931867,0.0,0
FALSE INFO POLICE OFFICIALS,180.0,1,180,180,180,,180.0,180,60.0,1,60,60,60,,60.0,60
FALSE PUBLIC ALARM-BOMB THREAT,0.0,6,0,0,0,0.0,0.0,0,60.0,6,360,60,60,0.0,60.0,60
FALSE PUBLIC ALARMS,1825.0,1,1825,1825,1825,,1825.0,1825,0.0,1,0,0,0,,0.0,0
FALSE REPORT INVOLVING BOMB/HO,652.0,9,5868,2190,0,829.2012723096848,28.0,0,33.333333333333336,9,300,60,0,31.622776601683793,60.0,60
FALSE REPORT INVOLVING CRITICA,1095.0,2,2190,1095,1095,0.0,1095.0,1095,0.0,2,0,0,0,0.0,0.0,0
FALSE REPORT TO/W/IN ORG DEAL,473.07142857142856,14,6623,1460,0,580.6580437195921,119.5,0,18.857142857142858,14,264,60,0,23.399070142133503,6.0,0
FALSE REPORTS TO LAW ENFORCMNT,93.14285714285714,7,652,365,0,154.4910230093522,0.0,0,22.285714285714285,7,156,60,0,28.081514000698547,0.0,0
FALSE REPRT TO LAW ENFOR-FICT,60.111111111111114,45,2705,540,0,140.18643790944034,0.0,0,17.466666666666665,45,786,60,0,17.98054504179448,12.0,0
FALSE REPT TO LAW ENFORC-FALSE,1460.0,2,2920,1825,1095,516.1879502661797,1460.0,1095,0.0,2,0,0,0,0.0,0.0,0
FALSE REPTS TO LAW ENFOR-FALSL,278.9583333333333,24,6695,1460,0,475.3179694703844,0.0,0,26.5,24,636,60,0,22.858734416638967,21.0,60
FALSE SWEARING - FALSE STATEME,18.0,5,90,90,0,40.24922359499622,0.0,0,14.2,5,71,36,0,13.971399357258385,12.0,0
FENCING-DEALING IN STOLEN PROP,502.5609756097561,41,20605,2735,0,749.293535564684,0.0,0,19.097560975609756,41,783,60,0,23.293566577543228,3.0,0
FENCING-POSSESSION OF ALTERED,335.76,25,8394,1825,0,563.9444623956039,0.0,0,19.56,25,489,60,0,20.960438926701894,12.0,0
FILING FRAUDULENT TAX RETURN,2555.0,1,2555,2555,2555,,2555.0,2555,12.0,1,12,12,12,,12.0,12
FIRE - MACH GUN,1825.0,1,1825,1825,1825,,1825.0,1825,0.0,1,0,0,0,,0.0,0
FIRE - PER TO CARRY,1095.0,1,1095,1095,1095,,1095.0,1095,0.0,1,0,0,0,,0.0,0
FIRE - PURCHASE,1095.0,1,1095,1095,1095,,1095.0,1095,0.0,1,0,0,0,,0.0,0
FIREARMS-UNLAWFUL SALE OF HAND,254.0,1,254,254,254,,254.0,254,0.0,1,0,0,0,,0.0,0
FIREWORKS VIOLATION POSSESSION,0.0,1,0,0,0,,0.0,0,12.0,1,12,12,12,,12.0,12
FIREWORKS VIOLATION SALE,0.0,1,0,0,0,,0.0,0,24.0,1,24,24,24,,24.0,24
FORGERY - ALTER/CHANGE WRITING,0.0,1,0,0,0,,0.0,0,0.0,1,0,0,0,,0.0,0
FORGERY-ALTER/CHNG WRITING W/O,325.14285714285717,7,2276,545,0,164.54526081641748,365.0,365,4.285714285714286,7,30,18,0,7.521398046336105,0.0,0
FORGERY-FALSE AUTH OF A WRITIN,29.071428571428573,14,407,365,0,97.26922533773053,0.0,0,18.0,14,252,60,0,19.26335700434696,12.0,12
"FORGERY-MONEY, SECURITIES, CHE",0.0,1,0,0,0,,0.0,0,58.0,1,58,58,58,,58.0,58
FORGERY-MONEY/SECRTIES/CHECK E,180.0,3,540,540,0,311.7691453623979,0.0,0,20.0,3,60,60,0,34.64101615137755,0.0,0
FORGERY-OTHER FORGED DOCS,0.0,1,0,0,0,,0.0,0,60.0,1,60,60,60,,60.0,60
FORGERY-POSSESSION OF FORGERY,0.0,4,0,0,0,0.0,0.0,0,30.0,4,120,48,24,12.0,24.0,24
FORGERY-UTTER FORGED DOCS-GOV,293.2039800995025,201,58934,1825,0,474.7717485108814,0.0,0,22.616915422885572,201,4546,60,0,21.960134617934635,24.0,0
FORGERY-UTTER FORGED DOCS-OTHE,203.86666666666667,15,3058,1095,0,314.58382182238955,70.0,0,6.4,15,96,36,0,10.005712653993502,0.0,0
FORGERY-UTTERING FORGED DOCUME,0.0,1,0,0,0,,0.0,0,60.0,1,60,60,60,,60.0,60
FORGRY-ALT/CHNG WRIT W/O AUTH-,203.625,40,8145,1825,0,428.86335684708934,0.0,0,22.025,40,881,60,0,20.300925203117323,24.0,0
FORGRY-FALSE AUTH OF WRIT-GOV,296.20388349514565,103,30509,1825,0,521.1486062426841,0.0,0,25.29126213592233,103,2605,480,0,49.359352783590296,24.0,0
FORTIFY CDS MANU/DIST FACILITY,0.0,2,0,0,0,0.0,0.0,0,48.0,2,96,60,36,16.97056274847714,48.0,36
FRAUDULENT USE OF CREDIT CARD,270.0,2,540,540,0,381.8376618407357,270.0,0,30.0,2,60,60,0,42.42640687119285,30.0,0
FRESHWATER WETLANDS PROTECTION,0.0,2,0,0,0,0.0,0.0,0,30.0,2,60,36,24,8.48528137423857,30.0,24
HARASSMENT,12.5,8,100,100,0,35.35533905932738,0.0,0,3.0,8,24,12,0,5.5549205986353085,0.0,0
HARASSMENT WHILE IMPRISONED OR,241.96610169491527,59,14276,744,0,206.31687765063413,240.0,0,14.033898305084746,59,828,60,0,19.091400936380175,0.0,0
"HARASSMENT WHILE IN PRISON, ON",364.0,2,728,364,364,0.0,364.0,364,60.0,2,120,60,60,0.0,60.0,60
HARASSMENT-ANY OTHER ALARMING,1.7317073170731707,41,71,38,0,7.466673925664298,0.0,0,4.829268292682927,41,198,36,0,8.185054792194094,0.0,0
HARASSMENT-COMMUNICATION IN MA,11.977011494252874,261,3126,526,0,55.400356221743024,0.0,0,4.528735632183908,261,1182,60,0,8.568958845911084,0.0,0
HARASSMENT-STRIKING/OFFENSIVE,2.2615384615384615,65,147,90,0,11.87996859617709,0.0,0,7.292307692307692,65,474,36,0,9.45668261885986,0.0,0
HEALTH CARE FRAUD-INTENTIONAL,304.1666666666667,6,1825,1825,0,745.05313009655,0.0,0,17.0,6,102,30,0,11.009087155618309,18.0,12
HINDER APPREHENSION OF 2ND DEG,0.0,1,0,0,0,,0.0,0,60.0,1,60,60,60,,60.0,60
HINDER APPREHENSION OR PROSECU,0.0,1,0,0,0,,0.0,0,0.0,1,0,0,0,,0.0,0
HINDER APPREHENSION-CRIME INVE,4.0,1,4,4,4,,4.0,4,0.0,1,0,0,0,,0.0,0
HINDER OWN PROS-SUPPRESS,2190.0,1,2190,2190,2190,,2190.0,2190,0.0,1,0,0,0,,0.0,0
HINDERING (OWN) - ALL OTHERS,14.0,1,14,14,14,,14.0,14,12.0,1,12,12,12,,12.0,12
HINDERING APPREHENSION OR PROS,38.0,2,76,38,38,0.0,38.0,38,0.0,2,0,0,0,0.0,0.0,0
HINDERING-AID-UNDERLYING 2ND D,38.625,8,309,290,0,101.78820798950282,0.0,0,30.0,8,240,60,0,18.142294704442907,24.0,24
HINDERING-AID-UNDERLYING 3RD D,230.6,5,1153,373,0,151.8808743719893,208.0,208,9.6,5,48,24,0,13.145341380123988,0.0,0
HINDERING-FALSE INFO-UNDERLY 2,420.0833333333333,12,5041,1825,0,594.2996578606901,206.5,0,11.0,12,132,60,0,19.456244615687133,0.0,0
HINDERING-FALSE INFO-UNDERLY 3,109.42857142857143,7,766,522,0,203.38703428263494,0.0,0,10.285714285714286,7,72,36,0,12.828539611796371,12.0,0
HINDERING-FALSE INFO-UNDERLYIN,180.8679245283019,106,19172,762,0,199.94966392625628,90.0,0,16.141509433962263,106,1711,60,0,22.264829698639826,0.0,0
HINDERING-GIVE FALSE INFORMATI,15.392156862745098,51,785,304,0,60.41691102046597,0.0,0,4.9411764705882355,51,252,60,0,9.874030108736518,0.0,0
HINDERING-HARBOR ANOTHER UNDER,154.16666666666666,6,925,540,0,237.36589196147509,10.5,0,10.0,6,60,36,0,14.028542333400146,6.0,0
HINDERING-HARBOR ANOTHER-UNDER,249.33333333333334,9,2244,1825,0,597.8321252659479,0.0,0,4.0,9,36,24,0,8.48528137423857,0.0,0
HINDERING-HIDE EVID-UNDERLYING,487.11764705882354,17,8281,1825,0,670.2909706195643,0.0,0,16.235294117647058,17,276,60,0,24.71722428733834,0.0,0
HINDERING-HIDE/SUPPRESS INFORM,7.5,8,60,60,0,21.213203435596427,0.0,0,1.5,8,12,12,0,4.242640687119285,0.0,0
HINDERING-HINDER OWN APPREHENS,0.0,1,0,0,0,,0.0,0,0.0,1,0,0,0,,0.0,0
HINDERING-OBSTRUCT BY FORCE,1095.0,1,1095,1095,1095,,1095.0,1095,0.0,1,0,0,0,,0.0,0
HINDERING-OBSTRUCT BY FORCE FO,251.0,2,502,365,137,161.22034611053283,251.0,137,12.0,2,24,24,0,16.97056274847714,12.0,0
HINDERING-ONESELF-FALS INFO-UN,509.10714285714283,28,14255,4745,0,992.4601060845278,0.0,0,26.142857142857142,28,732,60,0,25.519367061862944,24.0,0
HINDERING-ONESELF-FORCE-UNDERL,142.22222222222223,9,1280,540,0,201.9571599236938,2.0,0,12.0,9,108,36,0,15.874507866387544,0.0,0
HINDERING-ONESELF-GIVE FALSE I,0.0,2,0,0,0,0.0,0.0,0,18.0,2,36,36,0,25.45584412271571,18.0,0
HINDERING-ONESELF-HIDE EVID UN,401.4222222222222,45,18064,1825,0,551.1646960956609,145.0,0,14.133333333333333,45,636,60,0,18.980372637399547,0.0,0
HINDERING-ONESELF-HIDE/SUPPR I,0.0,3,0,0,0,0.0,0.0,0,12.0,3,36,36,0,20.784609690826528,0.0,0
HINDERING-ONESELF-HIDE/SUPPRES,21.11111111111111,18,380,192,0,60.051829466072235,0.0,0,1.3333333333333333,18,24,12,0,3.880570000581328,0.0,0
HINDERING-ONESELF-HINDER OWN A,39.0,4,156,156,0,78.0,0.0,0,0.0,4,0,0,0,0.0,0.0,0
HINDERING-ONESELF-OBSTRUCT OWN,22.5,8,180,180,0,63.63961030678928,0.0,0,3.0,8,24,12,0,5.5549205986353085,0.0,0
HINDERING-ONESELF-UNDERLYING 2,547.5,2,1095,1095,0,774.2819253992695,547.5,0,0.0,2,0,0,0,0.0,0.0,0
HINDERING-ONESELF-UNDERLYING 3,227.0,4,908,364,0,174.42859092858984,272.0,364,5.25,4,21,21,0,10.5,0.0,0
HINDERING-PROVIDE AID TO ANOTH,18.1,10,181,180,0,56.886729559713665,0.0,0,4.8,10,48,12,0,6.196773353931867,0.0,0
HINDERING-WARN ANOTHER- UNDERL,1095.0,1,1095,1095,1095,,1095.0,1095,0.0,1,0,0,0,,0.0,0
HUMAN TRAFFICKING-HOLD V FOR S,3650.0,2,7300,3650,3650,0.0,3650.0,3650,0.0,2,0,0,0,0.0,0.0,0
"HUMAN TRAFFICKING-HOLDS, ETC.",18250.0,1,18250,18250,18250,,18250.0,18250,0.0,1,0,0,0,,0.0,0
IDENTITY CRIME-AVOID PMT FOR S,94.0,1,94,94,94,,94.0,94,12.0,1,12,12,12,,12.0,12
IDENTITY CRIME-FALSE STATEMNT,0.0,2,0,0,0,0.0,0.0,0,42.0,2,84,48,36,8.48528137423857,42.0,36
IDENTITY CRIME-FALSE STATMNT O,325.0,1,325,325,325,,325.0,325,36.0,1,36,36,36,,36.0,36
IDENTITY CRIME-IMPERSONATION,270.0,1,270,270,270,,270.0,270,0.0,1,0,0,0,,0.0,0
IDENTITY CRIME-IMPERSONATN-VAL,331.58181818181816,55,18237,2190,0,597.0837676484143,0.0,0,18.89090909090909,55,1039,60,0,20.792335417677645,12.0,0
IDENTITY CRIME-PRETND TO BE RE,15.0,6,90,90,0,36.742346141747674,0.0,0,25.0,6,150,48,0,20.228692493584454,21.0,12
IDENTITY CRIME-REP SELF AS ANO,196.43243243243242,37,7268,1825,0,413.62876139390045,0.0,0,26.64864864864865,37,986,60,0,21.265799637780713,24.0,24
IDENTITY CRIME-VAL UNDER $500,0.0,1,0,0,0,,0.0,0,0.0,1,0,0,0,,0.0,0
IDENTITY CRIME-VALUE $500-$749,539.0,1,539,539,539,,539.0,539,0.0,1,0,0,0,,0.0,0
IMPERSONATE A LAW ENFORCEMENT,124.8,20,2496,545,0,190.66879522796646,0.0,0,19.5,20,390,60,0,20.03024029600717,12.0,0
IMPERSONATE A PUBLIC SERVANT,0.0,1,0,0,0,,0.0,0,0.0,1,0,0,0,,0.0,0
"IMPROPER BEHAV, PUB ANNOYANCE",0.0,1,0,0,0,,0.0,0,0.0,1,0,0,0,,0.0,0
IMPROPER BEHAVIOR,0.0,1,0,0,0,,0.0,0,24.0,1,24,24,24,,24.0,24
INCONVENIENT ANNOYANCE,0.0,1,0,0,0,,0.0,0,0.0,1,0,0,0,,0.0,0
INITI/CIRCU/CAUSE REPORT/WARN,36.0,2,72,72,0,50.91168824543142,36.0,0,9.0,2,18,18,0,12.727922061357855,9.0,0
INSURANCE FRAUD-FALSE CLAIM ET,40.116279069767444,43,1725,1095,0,171.48680489323863,0.0,0,24.162790697674417,43,1039,60,0,16.142122113039918,24.0,12
INSURANCE FRAUD-KNOWING COMMIT,547.5,2,1095,1095,0,774.2819253992695,547.5,0,30.0,2,60,60,0,42.42640687119285,30.0,0
INTERFER W/ TRANSPORTATION-CAS,0.0,1,0,0,0,,0.0,0,0.0,1,0,0,0,,0.0,0
INTERFER W/CUSTODY-TAKE CHILD,147.33333333333334,3,442,364,0,191.64898469163185,78.0,0,14.0,3,42,24,0,12.489995996796797,18.0,0
INTERFER W/CUSTODY-TAKE CHILD-,0.0,1,0,0,0,,0.0,0,0.0,1,0,0,0,,0.0,0
INTERFER W/CUSTODY-TAKE/CONCEA,638.75,4,2555,1460,0,752.4667766752231,547.5,0,13.5,4,54,36,0,17.233687939614086,9.0,0
INTERFER W/TRANSP-THROW AT VEH,42.0,1,42,42,42,,42.0,42,0.0,1,0,0,0,,0.0,0
INTFERE W/TRANS-DISRUPT VHCLE,0.0,1,0,0,0,,0.0,0,0.0,1,0,0,0,,0.0,0
INTFERE W/TRANS-DISRUPT VHCLE-,0.0,2,0,0,0,0.0,0.0,0,36.0,2,72,60,12,33.94112549695428,36.0,12
INVAS OF PRIVACY-REC COVERED I,7.5,8,60,60,0,21.213203435596427,0.0,0,28.5,8,228,48,12,10.993504575754852,24.0,24
INVASION OF PRIVACY-DISCLOSE S,261.9375,16,4191,1825,0,502.0219741206554,30.0,0,37.875,16,606,60,0,22.948856180646562,42.0,60
INVASION OF PRIVACY-OBSERVE SE,42.84615384615385,13,557,287,0,104.64371788266936,0.0,0,36.92307692307692,13,480,60,0,22.16025548311488,36.0,60
INVASION OF PRIVACY-RECORD SEX,293.3703703703704,27,7921,1825,0,515.5827284321593,30.0,0,28.88888888888889,27,780,60,0,17.69253065634312,36.0,36
KIDNAPPING-BODILY INJURY OR TE,3832.5,2,7665,5840,1825,2839.0337264639884,3832.5,1825,0.0,2,0,0,0,0.0,0.0,0
KIDNAPPING-BODILY INJURY/TERRO,1368.75,4,5475,1825,1095,349.4608943310634,1277.5,1095,0.0,4,0,0,0,0.0,0.0,0
KIDNAPPING-FACILITATE CRIME/FL,115542.66666666667,3,346628,327648,4380,183759.67027977965,14600.0,4380,0.0,3,0,0,0,0.0,0.0,0
KIDNAPPING-RANSOM/SHIELD/HOSTA,1095.0,1,1095,1095,1095,,1095.0,1095,0.0,1,0,0,0,,0.0,0
KNOW POSS DOCUMENT FALSELY PUR,0.0,1,0,0,0,,0.0,0,36.0,1,36,36,36,,36.0,36
KNOW POSS/VIEW/CTRL 100K+ ITEM,3650.0,1,3650,3650,3650,,3650.0,3650,0.0,1,0,0,0,,0.0,0
KNOW POSS/VIEW/CTRL 1K<100K CH,1271.4594594594594,37,47044,3650,0,665.8794766903974,1095.0,1095,0.972972972972973,37,36,36,0,5.918363542992864,0.0,0
KNOW POSS/VIEW/CTRL <1K ITEMS,435.76056338028167,142,61878,2555,0,693.3424637585268,0.0,0,21.253521126760564,142,3018,60,0,22.479758150852668,24.0,0
KNOWING LEAVING SCENE OF MV AC,1448.212765957447,47,68066,4745,0,1038.9853942181792,1095.0,1095,7.531914893617022,47,354,60,0,17.129749184475358,0.0,0
KNOWINGLY ACTING AS OR USING A,0.0,1,0,0,0,,0.0,0,36.0,1,36,36,36,,36.0,36
KNOWINGLY EXHIBITING A FALSE G,148.29032258064515,62,9194,1460,0,346.5685836649086,0.0,0,22.661290322580644,62,1405,60,0,18.90003343599011,24.0,0
KNOWINGLY LEAVE SCENE OF ACCID,328.6511627906977,43,14132,1825,0,544.6014656312111,1.0,0,27.13953488372093,43,1167,60,0,19.7129174417241,30.0,36
KNOWINGLY LEAVE SCENE OF VESSE,30.0,1,30,30,30,,30.0,30,24.0,1,24,24,24,,24.0,24
KNOWINGLY POSS/VIEW ITEM DEPCT,1365.0,2,2730,2190,540,1166.7261889578035,1365.0,540,0.0,2,0,0,0,0.0,0.0,0
KNOWINGLY VIOLATE FIREARMS REG,0.0,1,0,0,0,,0.0,0,18.0,1,18,18,18,,18.0,18
LEAD NARCOTICS NETWORK 1ST DG,0.0,1,0,0,0,,0.0,0,0.0,1,0,0,0,,0.0,0
LEADER OF A CHILD PORNOGRAPHY,0.0,1,0,0,0,,0.0,0,24.0,1,24,24,24,,24.0,24
LEADER OF AUTO THEFT TRAFFICKI,2555.0,1,2555,2555,2555,,2555.0,2555,0.0,1,0,0,0,,0.0,0
LEADER OF NARCOTICS TRAFFICKIN,112866.0,3,338598,327648,3650,186015.62103221333,7300.0,3650,0.0,3,0,0,0,0.0,0.0,0
LEADER OF ORGANIZED RETAIL THE,912.5,2,1825,1825,0,1290.4698756654493,912.5,0,30.0,2,60,60,0,42.42640687119285,30.0,0
LEWDNESS - OBSERVED BY CHILD <,178.48275862068965,29,5176,897,0,257.58460755499556,0.0,0,13.655172413793103,29,396,60,0,17.337564217759255,12.0,0
LEWDNESS - OBSERVED BY OTHERS,31.0,21,651,180,0,65.68865959965999,0.0,0,6.857142857142857,21,144,36,0,11.74004137252384,0.0,0
LEWDNESS - OBSERVED BY PERSON,113.0,1,113,113,113,,113.0,113,48.0,1,48,48,48,,48.0,48
"LOITERING PURPOSE USE, POSSESS",0.0,2,0,0,0,0.0,0.0,0,0.0,2,0,0,0,0.0,0.0,0
LURE/ENTICE CHILD BY VARIOUS M,1404.2,35,49147,2920,0,614.6220167952102,1460.0,1095,1.3714285714285714,35,48,48,0,8.11348084539376,0.0,0
LURING/ENTICING A CHILD,1095.0,1,1095,1095,1095,,1095.0,1095,0.0,1,0,0,0,,0.0,0
LURING/ENTICING AN ADULT,120.6,5,603,364,0,170.94970020447536,0.0,0,4.4,5,22,12,0,5.128352561983234,3.0,0
MAINTAIN A NUISANCE CREATE/MAI,0.0,3,0,0,0,0.0,0.0,0,0.0,3,0,0,0,0.0,0.0,0
MAINTAIN NUISANCE-MAINT PLACE,30.0,6,180,180,0,73.48469228349535,0.0,0,4.0,6,24,12,0,6.196773353931867,0.0,0
MAINTAINING/OPERATING CDS PROD,3098.6458333333335,48,148735,5475,0,1141.5693470064896,3650.0,3650,2.875,48,138,60,0,12.314366285817414,0.0,0
MAKE FICTITIOUS REPORTS,0.0,2,0,0,0,0.0,0.0,0,36.0,2,72,36,36,0.0,36.0,36
MAN/DIST/DISP/POS W/INTENT TO,158.0,1,158,158,158,,158.0,158,0.0,1,0,0,0,,0.0,0
MANSLAUGHTER - COMMITTED RECKL,2295.4146341463415,41,94112,5475,1095,904.4834430659788,2190.0,2555,0.0,41,0,0,0,0.0,0.0,0
MANSLAUGHTER-PASSION/PROVOCATI,4797.333333333333,15,71960,10950,2190,2972.865300554012,3285.0,2920,0.0,15,0,0,0,0.0,0.0,0
"MANU/DIST/DISP - CDS - B(12),",31.0,1,31,31,31,,31.0,31,0.0,1,0,0,0,,0.0,0
"MANU/DIST/DISP - CDS - B(3), (",198.9090909090909,11,2188,1460,0,442.87457695050745,0.0,0,24.09090909090909,11,265,60,0,20.230939402086822,36.0,36
MANU/DIST/DISP - CDS/ANALOG,0.0,1,0,0,0,,0.0,0,60.0,1,60,60,60,,60.0,60
MANU/DIST/DISP - MARIJUANA LES,0.0,1,0,0,0,,0.0,0,60.0,1,60,60,60,,60.0,60
"MANU/DIST/DISP-CDS-HEROIN,METH",212.6595744680851,47,9995,1825,0,483.2583374568452,0.0,0,38.06382978723404,47,1789,60,0,25.28825492571184,60.0,60
MANU/DIST/PWI SYNTHETIC CANNAB,521.3684210526316,19,9906,2920,0,845.7844623337238,0.0,0,28.42105263157895,19,540,60,0,25.678170126639312,36.0,0
MANU/DIST/PWID GAMMA HYDROXYBU,438.0,1,438,438,438,,438.0,438,36.0,1,36,36,36,,36.0,36
MANUF/DISB/DISP/POSSESS METHYL,214.0,1,214,214,214,,214.0,214,0.0,1,0,0,0,,0.0,0
MANUF/DISTR CDS OR INTENT TO M,670.7093242733107,2649,1776709,10950,0,991.0274224417836,90.0,0,22.231408078520197,2649,58891,60,0,24.302063950490417,12.0,0
MANUF/DISTR CDS-HEROIN/METH/LS,519.4444444444445,27,14025,2555,0,801.8204927314483,0.0,0,21.333333333333332,27,576,60,0,24.305744810008,24.0,0
MANUFACTURE/PACKAGE IMITATION,440.0,5,2200,1825,0,790.9649170475262,1.0,0,26.4,5,132,60,0,31.06122985330748,12.0,0
"MDD MJ>=1OZ<5LB,HASH>=5G<1LB-3",540.0,1,540,540,540,,540.0,540,0.0,1,0,0,0,,0.0,0
MED ASSIST PROG - OBTAIN IMPRO,145.6,5,728,364,0,199.37101093188048,0.0,0,19.2,5,96,24,12,6.572670690061994,24.0,24
MED ASSIST PROG-CONVERT BEN/PA,0.0,1,0,0,0,,0.0,0,12.0,1,12,12,12,,12.0,12
METHAMPHETAMINE >= 1/2 OZ,668.3333333333334,3,2005,1825,0,1005.7377060314152,180.0,0,12.0,3,36,24,0,12.0,12.0,0
MFD/D/D HEROIN/COKE >=5OZ 1ST,745.8695652173913,23,17155,2555,0,930.4295833034148,0.0,0,21.82608695652174,23,502,60,0,23.809188779875118,12.0,0
MFG/D/D HER/COKE>=.5OZ<5OZ 2ND,377.64285714285717,14,5287,2190,0,710.3636779460609,0.0,0,29.142857142857142,14,408,60,0,26.50647857776296,24.0,0
MFG/D/D OTHER I OR II<1OZ 3RD,2920.0,1,2920,2920,2920,,2920.0,2920,0.0,1,0,0,0,,0.0,0
MFG/D/D OTHER IORII >=1OZ 2ND,1460.0,1,1460,1460,1460,,1460.0,1460,0.0,1,0,0,0,,0.0,0
MFG/DIST/DIS HER/COKE<.5OZ-3RD,573.2857142857143,7,4013,2190,0,812.3547489214536,364.0,0,25.714285714285715,7,180,60,0,25.388411304597785,24.0,0
MFG/DIST/DISP LSD>=10GR-1ST DG,2190.0,3,6570,2920,1825,632.1985447626403,1825.0,1825,0.0,3,0,0,0,0.0,0.0,0
MFG/DIST/DISP METH>=1OZ.2ND DG,0.0,1,0,0,0,,0.0,0,60.0,1,60,60,60,,60.0,60
MISAPPLICATION OF ENTRUSTED PR,334.0,6,2004,1460,0,570.4664757897698,90.0,0,34.0,6,204,60,0,24.49489742783178,36.0,36
MONEY LAUNDERING-CAUSE FINAN I,0.0,1,0,0,0,,0.0,0,24.0,1,24,24,24,,24.0,24
MONEY LAUNDERING-ENG TRANS W/I,464.45454545454544,11,5109,1460,0,590.6160112351109,0.0,0,19.636363636363637,11,216,60,0,20.27448015251058,12.0,0
MONEY LAUNDERING-ENGAGE TRANS,3650.0,1,3650,3650,3650,,3650.0,3650,0.0,1,0,0,0,,0.0,0
MONEY LAUNDERING-MANAGE/DIRECT,1399.1666666666667,12,16790,2190,0,727.229591523804,1825.0,1825,7.0,12,84,48,0,16.547452426829388,0.0,0
MONEY LAUNDERING-STRUCTURE TRA,0.0,3,0,0,0,0.0,0.0,0,20.0,3,60,36,12,13.856406460551018,12.0,12
MONEY LAUNDERING-TRANSP/POSSES,430.85483870967744,62,26713,3650,0,814.9733747390646,0.0,0,20.483870967741936,62,1270,60,0,18.353310270485732,24.0,0
MONEY LAUNDRING-ENG TRANS W/I,2190.0,2,4380,2555,1825,516.1879502661797,2190.0,1825,0.0,2,0,0,0,0.0,0.0,0
MOTOR VEHICLE MASTER KEYS-KNOW,540.0,1,540,540,540,,540.0,540,0.0,1,0,0,0,,0.0,0
MUNICIPAL ORDINANCE,0.0,8,0,0,0,0.0,0.0,0,0.0,8,0,0,0,0.0,0.0,0
MURDER,25550.0,1,25550,25550,25550,,25550.0,25550,0.0,1,0,0,0,,0.0,0
MURDER - DURING COMMISSION OF,12562.083333333334,12,150745,29200,1825,6713.074914717253,11862.5,10950,0.0,12,0,0,0,0.0,0.0,0
MURDER - KNOWINGLY,47436.444444444445,9,426928,327648,2555,105297.019841626,14600.0,10950,0.0,9,0,0,0,0.0,0.0,0
MURDER - PURPOSELY,48792.72727272727,55,2683600,327648,1095,98784.03355027207,14965.0,3650,0.0,55,0,0,0,0.0,0.0,0
MURDER-PURPOSE/KNOWINGLY,20956.666666666668,6,125740,28835,11495,6487.485388551305,20075.0,11495,0.0,6,0,0,0,0.0,0.0,0
MURDER/FELONY MURDER,11862.5,2,23725,12775,10950,1290.4698756654493,11862.5,10950,0.0,2,0,0,0,0.0,0.0,0
OBSCENE MATERIAL TO MINOR - DE,0.0,4,0,0,0,0.0,0.0,0,30.0,4,120,48,12,15.491933384829668,30.0,12
OBSCENE MATERIAL TO MINOR - SE,0.0,6,0,0,0,0.0,0.0,0,32.0,6,192,60,0,23.5966099260042,36.0,48
OBSCENITY-SELL/DISTR/EXHIBIT T,17.0,7,119,119,0,44.97777228809804,0.0,0,24.0,7,168,36,12,9.797958971132712,24.0,24
OBSERVE W/O CONSENT-ANOTHERS I,364.0,1,364,364,364,,364.0,364,36.0,1,36,36,36,,36.0,36
OBST PUBLIC PASS - PURPOSELY/R,0.0,1,0,0,0,,0.0,0,0.0,1,0,0,0,,0.0,0
OBSTR GOVT AND ADM FUNCTIONS,0.0,1,0,0,0,,0.0,0,0.0,1,0,0,0,,0.0,0
OBSTRUCT ADMIN OF LAW-OBSTRUCT,366.5406060606061,825,302396,218270,0,7598.340760918847,0.0,0,8.581818181818182,825,7080,60,0,13.95253427552215,0.0,0
OBSTRUCT ADMINISTRATION OF LAW,0.0,1,0,0,0,,0.0,0,0.0,1,0,0,0,,0.0,0
OBSTRUCTING,0.0,1,0,0,0,,0.0,0,0.0,1,0,0,0,,0.0,0
OBSTRUCTING ADMIN OF LAW,0.0,1,0,0,0,,0.0,0,0.0,1,0,0,0,,0.0,0
OBSTRUCTING ADMINISTRATION OF,0.0,1,0,0,0,,0.0,0,0.0,1,0,0,0,,0.0,0
OBSTRUCTING HIGHWAYS AND OTHER,0.0,2,0,0,0,0.0,0.0,0,0.0,2,0,0,0,0.0,0.0,0
OBSTRUCTING THE ADMINISTRATION,7.777777777777778,27,210,180,0,34.89912202260564,0.0,0,3.5555555555555554,27,96,12,0,5.583859523616902,0.0,0
OBTAIN/DISCLOSE PERSONAL INFOR,0.0,2,0,0,0,0.0,0.0,0,18.0,2,36,24,12,8.48528137423857,18.0,12
OBTAIN/POSSESS A SYNTHETIC CAN,561.75,4,2247,627,540,43.5,540.0,540,15.0,4,60,60,0,30.0,0.0,0
OBTAIN/POSSESS SYNTHETIC CANNA,81.0,1,81,81,81,,81.0,81,0.0,1,0,0,0,,0.0,0
OBTAINING CDS/ANALOG BY FRAUD/,164.375,40,6575,1095,0,362.05111464458247,0.0,0,23.475,40,939,60,0,20.60120422171033,24.0,0
OFFENSIVE LANGUAGE,0.0,3,0,0,0,0.0,0.0,0,4.0,3,12,12,0,6.928203230275509,0.0,0
OFFERING A FALSE INSTRUMENT FO,3.3333333333333335,3,10,8,0,4.163331998932265,2.0,0,0.0,3,0,0,0,0.0,0.0,0
OFFICIAL MISCONDUCT-OFFICIAL F,1551.25,12,18615,5840,0,1549.5411710919755,1642.5,1825,11.0,12,132,60,0,21.379684494653073,0.0,0
OPER CDS PROD FAC. 1ST DEGR,4562.5,2,9125,6205,2920,2322.8457761978084,4562.5,2920,0.0,2,0,0,0,0.0,0.0,0
OPER MV W/O CONSENT CREATES RI,912.5,2,1825,1825,0,1290.4698756654493,912.5,0,9.0,2,18,18,0,12.727922061357855,9.0,0
OPERATE FACILITY FOR SALE OF S,0.0,1,0,0,0,,0.0,0,18.0,1,18,18,18,,18.0,18
OPERATE MOTOR VEH DURING 2ND/S,180.0,3,540,180,180,0.0,180.0,180,16.0,3,48,36,0,18.33030277982336,12.0,0
OPERATE MV DURING LICENSE SUSP,361.2867469879518,415,149934,65700,0,3216.4531951682425,180.0,180,9.03132530120482,415,3748,60,0,15.662240568970349,0.0,0
PAROLE SUPERVISION FOR LIFE -,206.0,4,824,420,0,216.60409352856962,202.0,0,7.5,4,30,18,0,9.0,6.0,0
PATTERN OF OFFICIAL MISCONDUCT,1825.0,1,1825,1825,1825,,1825.0,1825,0.0,1,0,0,0,,0.0,0
PEERING INTO VICTIMS WINDOWS-C,540.0,1,540,540,540,,540.0,540,0.0,1,0,0,0,,0.0,0
PERJURY,677.8571428571429,7,4745,1460,0,647.0758401123803,1095.0,0,15.428571428571429,7,108,48,0,20.45203447791232,0.0,0
PIRACY-101+ SOUND REC/8+ AUD V,0.0,1,0,0,0,,0.0,0,24.0,1,24,24,24,,24.0,24
POLICE ANIMAL-HARMING A POLICE,540.0,1,540,540,540,,540.0,540,0.0,1,0,0,0,,0.0,0
POS CDS W/I DIST 1000FT SCHOOL,1825.0,1,1825,1825,1825,,1825.0,1825,0.0,1,0,0,0,,0.0,0
POSS >1 OZ OBTAIN POSSESS SYNT,182.25,4,729,365,0,210.444569107085,182.0,0,15.0,4,60,24,0,11.489125293076057,18.0,24
"POSS CDS - < 50G MARIJUANA, 5G",24.72093023255814,43,1063,180,0,51.90482387958953,0.0,0,6.186046511627907,43,266,44,0,9.489984228883198,0.0,0
"POSS CDS - <= 50G MARIJUANA, 5",0.0,2,0,0,0,0.0,0.0,0,6.0,2,12,12,0,8.48528137423857,6.0,0
"POSS CDS - > 50G MARIJUANA, 5G",40.541666666666664,48,1946,540,0,114.6398538872533,0.0,0,13.9375,48,669,60,0,12.13471589231631,12.0,12
"POSS CDS >50 G MARIJUANA, 5 GR",315.0,4,1260,540,0,270.0,360.0,540,0.0,4,0,0,0,0.0,0.0,0
"POSS CDS >6 OZ MARIJUANA, >17",40.44444444444444,9,364,364,0,121.33333333333334,0.0,0,14.666666666666666,9,132,36,0,13.114877048604,12.0,12
POSS CDS-FAILS TO GIVE CDS TO,16.067019400352734,567,9110,561,0,58.35791015057622,0.0,0,4.7936507936507935,567,2718,60,0,8.36098726384925,0.0,0
POSS CDS/ANALOG - SCHD I II II,313.37102177554436,7164,2244990,80300,0,1085.5189759439756,0.0,0,23.270100502512562,7164,166707,122,0,22.945115838728416,18.0,0
POSS CDS/ANALOG - SCHD V,103.33333333333333,9,930,540,0,202.8231988703462,0.0,0,10.0,9,90,48,0,15.874507866387544,0.0,0
POSS CDS/ANALOG-SCHD V;POSS CD,0.0,1,0,0,0,,0.0,0,60.0,1,60,60,60,,60.0,60
POSS DEVICE TO DEFRAUD ADMINIS,211.94871794871796,39,8266,1095,0,260.8512329317178,75.0,0,15.179487179487179,39,592,60,0,23.29543867129334,0.0,0
"POSS GAMBLING RECORDS, LOTTERY",0.0,2,0,0,0,0.0,0.0,0,0.0,2,0,0,0,0.0,0.0,0
POSS MJ>50G HASH>5G 4TH DEGREE,0.0,2,0,0,0,0.0,0.0,0,18.0,2,36,36,0,25.45584412271571,18.0,0
POSS OF A FIREARM WITH PURPOSE,1825.0,2,3650,2555,1095,1032.3759005323593,1825.0,1095,0.0,2,0,0,0,0.0,0.0,0
POSS OF FLUNITRAZEPAM W/O PRES,364.0,1,364,364,364,,364.0,364,36.0,1,36,36,36,,36.0,36
POSS OF GAMMA HYDROXYBUTYRATE,0.0,1,0,0,0,,0.0,0,60.0,1,60,60,60,,60.0,60
POSS OF PRESCRIPT DRUGS IN ORI,57.6,20,1152,1095,0,244.3938581362814,0.0,0,8.1,20,162,36,0,12.043342777782167,0.0,0
POSS OF WEAPON FOR UNLAWFUL PU,750.9549689440994,644,483615,5475,0,887.2536634400946,359.5,0,17.46894409937888,644,11250,60,0,21.34557470980927,0.0,0
POSS SCHD I II III IV,823.1818181818181,11,9055,1460,0,686.2298183818331,1095.0,1460,6.545454545454546,11,72,60,0,18.090680674665816,0.0,0
POSS SCHEDULE V 4TH DEGREE,729.5,2,1459,1095,364,516.8950570473662,729.5,364,0.0,2,0,0,0,0.0,0.0,0
"POSS, DIST HYPO NEEDLE, DP",30.0,1,30,30,30,,30.0,30,0.0,1,0,0,0,,0.0,0
POSS/DIST - IMITATION CDS - IM,266.0833333333333,12,3193,1095,0,388.30411191916744,60.5,0,6.0,12,72,24,0,9.572688422609588,0.0,0
POSS/DIST W/IN 500 FT CERTAIN,1185.8333333333333,6,7115,3100,0,1476.3618007340433,547.5,0,12.0,6,72,48,0,20.079840636817814,0.0,0
POSS/DIST WITHIN 500 FT CERTAI,1267.051724137931,116,146978,5475,0,1235.887527208704,1460.0,0,19.887931034482758,116,2307,60,0,27.227151267015458,0.0,0
POSS/DIST/PWID - IMITATION CDS,368.35714285714283,14,5157,1825,0,639.7875377080999,60.0,0,19.714285714285715,14,276,60,0,21.878786956349263,18.0,0
POSS/OBTAIN BATH SALTS LESS TH,0.0,3,0,0,0,0.0,0.0,0,16.0,3,48,36,0,18.33030277982336,12.0,0
POSS/OBTAIN SYNTHETIC CANNABIN,268.75,60,16125,1460,0,329.1462312186237,152.5,0,13.2,60,792,60,0,20.594387914170262,0.0,0
POSS/SELL HYPODERMIC SYRINGE F,34.857142857142854,14,488,403,0,106.43947875371542,3.0,0,0.14285714285714285,14,2,2,0,0.5345224838248488,0.0,0
POSSES WEAPON WHILE COMMITTING,2190.0,1,2190,2190,2190,,2190.0,2190,0.0,1,0,0,0,,0.0,0
POSSESS FALSE DOCUMENT AS PROO,140.0,2,280,280,0,197.9898987322333,140.0,0,12.0,2,24,24,0,16.97056274847714,12.0,0
POSSESS GAMBLING DEVICE,0.0,3,0,0,0,0.0,0.0,0,36.0,3,108,60,24,20.784609690826528,24.0,24
POSSESS MV PARTS W/ALTERED ID/,120.0,3,360,180,0,103.92304845413264,180.0,180,60.0,3,180,60,60,0.0,60.0,60
POSSESS SCANNER WHILE COMMITTI,79.0,1,79,79,79,,79.0,79,0.0,1,0,0,0,,0.0,0
POSSESSING A FALSE MOTOR VEHIC,0.0,2,0,0,0,0.0,0.0,0,12.0,2,24,12,12,0.0,12.0,12
POSSESSION OF A FALSE GOVERNME,86.91891891891892,37,3216,540,0,149.0789087061648,1.0,0,9.891891891891891,37,366,60,0,13.282787073217445,0.0,0
POSSESSION OF A WEAPON UNLAWFU,1460.0,1,1460,1460,1460,,1460.0,1460,0.0,1,0,0,0,,0.0,0
POSSESSION OF CDS,182.0,2,364,364,0,257.3868683519033,182.0,0,42.0,2,84,60,24,25.45584412271571,42.0,24
POSSESSION OF CDS - < 50G MARI,0.0,1,0,0,0,,0.0,0,0.0,1,0,0,0,,0.0,0
POSSESSION OF FIREARM BY MINOR,0.0,1,0,0,0,,0.0,0,12.0,1,12,12,12,,12.0,12
POSSESSION OF FIREARM WHILE CO,1517.9,140,212506,4745,0,875.9490171097515,1825.0,1825,5.228571428571429,140,732,48,0,12.483279670254786,0.0,0
POSSESSION OF FRAUDULENT RECEI,0.0,3,0,0,0,0.0,0.0,0,18.0,3,54,24,6,10.392304845413264,24.0,24
POSSESSION OF SELF DEFENSE CHE,0.0,1,0,0,0,,0.0,0,12.0,1,12,12,12,,12.0,12
POSSESSION OF UP TO 1 OZ PSILO,0.0,1,0,0,0,,0.0,0,0.0,1,0,0,0,,0.0,0
POSSESSION W/I DIST STEROIDS,45.0,2,90,90,0,63.63961030678928,45.0,0,60.0,2,120,60,60,0.0,60.0,60
POST INFO RELATIVE TO LEOS ON,0.0,3,0,0,0,0.0,0.0,0,28.0,3,84,48,12,18.33030277982336,24.0,12
PRESC/LEGEND DRUG-DISTRIBUTE 4,0.0,3,0,0,0,0.0,0.0,0,4.0,3,12,12,0,6.928203230275509,0.0,0
PRESC/LEGEND DRUG-OBTAIN SCRIP,608.3333333333334,3,1825,1825,0,1053.6642412710669,0.0,0,0.0,3,0,0,0,0.0,0.0,0
PRESC/LEGEND DRUGS - USE WITHO,0.0,2,0,0,0,0.0,0.0,0,0.0,2,0,0,0,0.0,0.0,0
PRESC/LEGEND DRUGS-DISTR/POSS,163.4,10,1634,540,0,216.93583280674395,0.0,0,15.5,10,155,60,0,20.326501584548843,6.0,0
PRESC/LEGEND DRUGS-DISTRIBUTE,537.5,40,21500,2920,0,756.2674198036106,45.0,0,20.4,40,816,60,0,26.653329998332286,0.0,0
PRESC/LEGEND DRUGS-POSS WITHOU,136.1304347826087,46,6262,1095,0,242.60041299732663,0.0,0,15.652173913043478,46,720,60,0,21.032480058027023,9.0,0
PRIOR NERA (NO EARLY RELEASE A,1825.0,1,1825,1825,1825,,1825.0,1825,0.0,1,0,0,0,,0.0,0
"PRODUCING,ACQUIRING,USING,ETC,",0.0,1,0,0,0,,0.0,0,0.0,1,0,0,0,,0.0,0
PROHIBITED WEAPONS - FIREARM W,364.0,1,364,364,364,,364.0,364,36.0,1,36,36,36,,36.0,36
PROHIBITED WEAPONS AND DEVICES,214.33093525179856,139,29792,1825,0,324.96544718194644,8.0,0,15.366906474820144,139,2136,60,0,17.782968518958306,12.0,0
PROHIBITED WEAPONS/ DEVICES-BO,180.0,2,360,180,180,0.0,180.0,180,12.0,2,24,12,12,0.0,12.0,12
PROMOTE GAMBLING BY ACCEPTING,0.0,1,0,0,0,,0.0,0,36.0,1,36,36,36,,36.0,36
PROMOTE PROST: EXCEPT SOLICT O,660.4285714285714,21,13869,2190,0,726.5358608787711,364.0,0,12.0,21,252,60,0,17.798876369029593,0.0,0
PROMOTE PROST: SOLICIT OR PROC,2.3333333333333335,3,7,7,0,4.041451884327381,0.0,0,32.0,3,96,60,0,30.199337741083,36.0,0
PROMOTING GAMBLING - ANY OTHER,0.0,1,0,0,0,,0.0,0,0.0,1,0,0,0,,0.0,0
PROMOTING ORGANIZED STREET CRI,3741.25,4,14965,6570,0,3044.706814018935,4197.5,0,15.0,4,60,60,0,30.0,0.0,0
PROST PROMOTE SPOUSE/COMPEL OT,0.0,1,0,0,0,,0.0,0,48.0,1,48,48,48,,48.0,48
PROSTITUTION - COMPEL ANOTHER,557.0,2,1114,1114,0,787.7169542418139,557.0,0,24.0,2,48,36,12,16.97056274847714,24.0,12
PROSTITUTION - ENGAGE IN W/PER,1095.0,1,1095,1095,1095,,1095.0,1095,0.0,1,0,0,0,,0.0,0
PROSTITUTION - PROMOTE CHILD P,1628.5,2,3257,1825,1432,277.8929650063132,1628.5,1432,0.0,2,0,0,0,0.0,0.0,0
PROSTITUTION ENAGE AS PATRON 4,1277.5,2,2555,1460,1095,258.0939751330898,1277.5,1095,0.0,2,0,0,0,0.0,0.0,0
PROSTITUTION ENGAGE AS PATRON,304.6,5,1523,540,0,233.14115895740073,222.0,540,0.0,5,0,0,0,0.0,0.0,0
PROSTITUTION OFFER SEX IN 2N,0.0,2,0,0,0,0.0,0.0,0,24.0,2,48,24,24,0.0,24.0,24
PROSTITUTION OFFER SEX IN EXCH,59.2,5,296,196,0,87.88173871743777,0.0,0,7.2,5,36,36,0,16.099689437998485,0.0,0
PROSTITUTION-ENGAGE CONDUCT MA,0.0,1,0,0,0,,0.0,0,0.0,1,0,0,0,,0.0,0
PROSTITUTION-WANDER/REMAIN PUB,0.5,2,1,1,0,0.7071067811865476,0.5,0,6.0,2,12,12,0,8.48528137423857,6.0,0
"PROSTITUTION;PROMOTE;2ND,3RD O",0.0,1,0,0,0,,0.0,0,0.0,1,0,0,0,,0.0,0
PURCHASE FIREARM PARTS/MANU UN,668.3333333333334,3,2005,1825,0,1005.7377060314152,180.0,0,8.0,3,24,12,0,6.928203230275509,12.0,12
PURP/KNOW/RECK VIOLATION OF SA,0.0,1,0,0,0,,0.0,0,36.0,1,36,36,36,,36.0,36
RACKETEERING-CONSPIRE TO ENGAG,1367.5,2,2735,2555,180,1679.3786053180504,1367.5,180,30.0,2,60,60,0,42.42640687119285,30.0,0
RACKETEERING-EMPLOYEE OF ENTER,2007.5,4,8030,2555,1825,365.00000000000006,1825.0,1825,0.0,4,0,0,0,0.0,0.0,0
RACKETEERING-EMPLOYEE PARTICIP,3597.8571428571427,7,25185,5110,2190,1083.3507324610114,3650.0,4380,0.0,7,0,0,0,0.0,0.0,0
RECEIVING STOLEN PROP-KNOW PRO,824.0952380952381,21,17306,3285,0,1009.0910218985156,431.0,0,24.571428571428573,21,516,60,0,28.264060976037094,0.0,0
RECEIVING STOLEN PROPERTY-KNOW,36.0,5,180,180,0,80.49844718999243,0.0,0,9.6,5,48,24,0,10.039920318408907,12.0,0
RECEIVING STOLEN PROPERTY-VAL,596.5,42,25053,1825,0,697.1276346727263,292.5,0,8.142857142857142,42,342,60,0,17.104515775967283,0.0,0
RECEIVING STOLEN PROPERTY-VALU,87.23756906077348,181,15790,542,0,163.73899936807265,0.0,0,10.92817679558011,181,1978,60,0,17.300299659951712,0.0,0
RECEIVNG STOLEN PROP-KNOW PROP,391.1452111225541,971,379802,1825,0,553.0956392058124,83.0,0,23.609680741503606,971,22925,60,0,23.076588506849617,24.0,0
RECKLESS DEATH BY AUTO OR VESS,2365.566037735849,53,125375,6205,1095,1114.5940362963818,2190.0,1825,0.0,53,0,0,0,0.0,0.0,0
REFUSAL TO SUBMIT TO FINGERPRI,37.0,2,74,74,0,52.32590180780452,37.0,0,6.0,2,12,12,0,8.48528137423857,6.0,0
REFUSE TO ALLOW BLOOD ETC SAMP,0.0,2,0,0,0,0.0,0.0,0,30.0,2,60,60,0,42.42640687119285,30.0,0
REFUSE/FAIL TO PRODUCE CIGARET,0.0,1,0,0,0,,0.0,0,0.0,1,0,0,0,,0.0,0
REG OF SEX OFF-NOTICE OF CHANG,407.5244755244755,143,58276,10950,0,1004.9202675411816,90.0,0,13.132867132867133,143,1878,60,0,19.076287825848514,0.0,0
REG OF SEX OFFENDER-FAIL TO RE,190.0,1,190,190,190,,190.0,190,24.0,1,24,24,24,,24.0,24
REGISTRATION OF SEX OFFENDER-V,311.8,130,40534,2190,0,466.6012922093904,72.0,0,11.63076923076923,130,1512,60,0,16.14043910795166,0.0,0
REGISTRATION OF SEX OFFENDERS-,407.6302521008403,119,48508,1825,0,564.5392731612756,32.0,0,8.873949579831933,119,1056,60,0,14.378983381386252,0.0,0
REGISTRATION OF SEX OFFENDERS;,0.0,1,0,0,0,,0.0,0,0.0,1,0,0,0,,0.0,0
REMOVE MOTOR VEHICLE TRADEMARK,1095.0,1,1095,1095,1095,,1095.0,1095,0.0,1,0,0,0,,0.0,0
REPORT OF ABUSE REQUIRED FOR P,0.0,1,0,0,0,,0.0,0,12.0,1,12,12,12,,12.0,12
RESIST ARR/ELUD-AFTER INSTRUCT,718.3442028985507,828,594789,346750,0,12055.71596887766,0.0,0,23.528985507246375,828,19482,60,0,19.62238142783457,24.0,0
RESIST ARR/ELUD-BY FLIGHT IN M,181.0,5,905,540,0,255.45058230507126,0.0,0,15.6,5,78,60,0,25.314027731674784,6.0,0
RESIST ARR/ELUD-CAUSE RISK OF,354.30526315789473,95,33659,1825,0,537.5417860785477,30.0,0,22.46315789473684,95,2134,60,0,21.27520308992037,24.0,0
RESIST ARR/ELUD-FLIGHT PREVENT,207.36363636363637,616,127736,1825,0,248.94695469672186,117.0,0,16.478896103896105,616,10151,60,0,21.375303949699376,0.0,0
RESIST ARR/ELUD-FORCE/THREAT;,216.66666666666666,6,1300,540,0,204.2181839765173,180.0,180,8.0,6,48,36,0,14.53272169966796,0.0,0
RESIST ARR/ELUD-MV OP- RISK OF,1054.4801444043321,554,584182,6570,0,978.8894529454614,1095.0,0,20.028880866425993,554,11096,60,0,27.06817920229495,0.0,0
RESIST ARR/ELUD-PREVENTS OFFIC,45.62686567164179,134,6114,1825,0,209.28322614699226,0.0,0,6.522388059701493,134,874,60,0,11.669455288722581,0.0,0
RESIST ARR/ELUD-USE/THREATEN F,300.61577608142494,393,118142,2370,0,474.19035450070123,74.0,0,21.946564885496183,393,8625,60,0,21.258124369056983,24.0,0
RESIST ARREST-BY FLIGHT,540.0,1,540,540,540,,540.0,540,0.0,1,0,0,0,,0.0,0
RESISTING ARREST,182.0,2,364,364,0,257.3868683519033,182.0,0,30.0,2,60,60,0,42.42640687119285,30.0,0
RESISTING ARREST - 3RD DEGREE,365.0,1,365,365,365,,365.0,365,0.0,1,0,0,0,,0.0,0
RESISTING ARREST-PURPOSELY,277.4230769230769,26,7213,1460,0,474.1663145418007,0.0,0,12.923076923076923,26,336,60,0,22.49430697207287,0.0,0
RESISTING ARREST-SUBSTANTIAL R,365.0,3,1095,1095,0,632.1985447626403,0.0,0,24.0,3,72,60,0,31.74901573277509,12.0,0
RETALIATE AGAINST WITNESS,39.0,1,39,39,39,,39.0,39,0.0,1,0,0,0,,0.0,0
RIOT - COMMISSION OF A CRIME,76.0,6,456,180,0,85.89528508596965,57.5,0,25.0,6,150,60,0,20.92844953645635,21.0,0
RIOT - FAILURE TO DISPERSE UPO,0.0,1,0,0,0,,0.0,0,6.0,1,6,6,6,,6.0,6
RIOT USE/PLAN FIREARMS OR DEAD,344.3333333333333,6,2066,1095,0,457.9339108066432,137.0,0,16.0,6,96,60,0,23.28948260481542,9.0,0
RIOT-PREVENT/COERCE OFFICIAL A,345.5,6,2073,540,0,212.23736711521843,370.5,540,12.0,6,72,60,0,24.0,0.0,0
RISK INJURY / DAMAGE - KNOWING,28.5,2,57,57,0,40.30508652763321,28.5,0,30.0,2,60,36,24,8.48528137423857,30.0,24
ROBBERY,3285.0,2,6570,4745,1825,2064.7518010647186,3285.0,1825,0.0,2,0,0,0,0.0,0.0,0
"ROBBERY BY FORCE, BI, THREAT O",323.7096774193548,31,10035,1825,0,621.0729529638412,0.0,0,41.45161290322581,31,1285,60,0,27.517071924749327,60.0,60
ROBBERY-BI,547.5,8,4380,1095,0,585.3021197882094,547.5,0,13.875,8,111,60,0,22.389011973351064,1.5,0
ROBBERY-BI/FEAR/WHILE 1ST/2ND,3163.102564102564,39,123361,25550,0,4617.27699313232,1825.0,1825,2.0256410256410255,39,79,38,0,7.7272149932531855,0.0,0
ROBBERY-INFLICTS BI OR USES FO,1690.5754527162978,497,840216,12955,0,1692.071853110784,1825.0,1825,13.289738430583501,497,6605,60,0,24.34771126166572,0.0,0
ROBBERY-THREAT,521.2857142857143,7,3649,1095,0,551.8755035590649,364.0,0,15.428571428571429,7,108,48,0,22.677868380553633,0.0,0
ROBBERY-THREAT OR COMMITS - AR,2628.0,10,26280,3650,1825,510.42030610947376,2555.0,2555,0.0,10,0,0,0,0.0,0.0,0
ROBBERY-THREAT OR COMMITS A 1S,1432.4166666666667,12,17189,3650,0,1035.827772480746,1387.0,1095,10.0,12,120,60,0,23.35496832484569,0.0,0
ROBBERY-THREAT OR FEAR OF BI,1167.3982683982683,231,269669,5475,0,1095.8232350300714,1095.0,0,19.835497835497836,231,4582,60,0,27.9532022679637,0.0,0
ROBBERY-THREAT OR FEAR OF BI -,5564.3650793650795,126,701110,327648,0,28950.94611334233,2920.0,1825,2.0,126,252,60,0,10.598113039593416,0.0,0
SALE OF MOTOR VEHICLE ON SUNDA,0.0,2,0,0,0,0.0,0.0,0,60.0,2,120,60,60,0.0,60.0,60
SECURING THE EXECUTION OF DOCU,0.0,1,0,0,0,,0.0,0,12.0,1,12,12,12,,12.0,12
SELL/GIVE ELECTRONIC COMMUNICA,0.0,2,0,0,0,0.0,0.0,0,36.0,2,72,48,24,16.97056274847714,36.0,24
SELL/POSSESS/USE FIREWORKS,0.0,1,0,0,0,,0.0,0,0.0,1,0,0,0,,0.0,0
SERVE/MAKE AVAIL ALCOHOLIC BEV,0.0,2,0,0,0,0.0,0.0,0,6.0,2,12,12,0,8.48528137423857,6.0,0
SEX ASSAULT 4 YR>VICTIM,1095.0,2,2190,1095,1095,0.0,1095.0,1095,0.0,2,0,0,0,0.0,0.0,0
SEX ASSLT- >13 <16 BY DEF 4 YE,1460.0,1,1460,1460,1460,,1460.0,1460,0.0,1,0,0,0,,0.0,0
SEX ASSLT-ACT,365.0,1,365,365,365,,365.0,365,0.0,1,0,0,0,,0.0,0
SEX OFFENDER FAILURE TO REGIST,351.25,4,1405,1095,0,509.90807995167125,155.0,0,10.5,4,42,18,0,7.54983443527075,12.0,12
SEX OFFENDER MONITORING-FAILUR,540.0,1,540,540,540,,540.0,540,0.0,1,0,0,0,,0.0,0
SEX OFFENDER PROHIBITED FROM P,364.0,1,364,364,364,,364.0,364,12.0,1,12,12,12,,12.0,12
SEXUAL ASSAULT-BY RELATIVE-VIC,3285.0,1,3285,3285,3285,,3285.0,3285,0.0,1,0,0,0,,0.0,0
SEXUAL ASSAULT-BY SUPERVISOR-V,2920.0,3,8760,4380,1825,1316.026215544356,2555.0,1825,0.0,3,0,0,0,0.0,0.0,0
SEXUAL ASSAULT-FORCE/COERCION,1956.421052631579,38,74344,4380,370,833.7612475542302,1825.0,1825,0.9473684210526315,38,36,36,0,5.839971160707452,0.0,0
SEXUAL ASSAULT-PENETRATION BY,2555.0,1,2555,2555,2555,,2555.0,2555,0.0,1,0,0,0,,0.0,0
SEXUAL ASSAULT-VIC < 13 & DEF,2523.823529411765,153,386145,7300,0,1102.4913122801695,2555.0,1825,0.0,153,0,0,0,0.0,0.0,0
SEXUAL ASSAULT-VICTIM 13-15 Y/,2007.5,40,80300,9125,1095,1291.131485488799,1825.0,1460,0.0,40,0,0,0,0.0,0.0,0
SHOPLIFTING,0.0,1,0,0,0,,0.0,0,0.0,1,0,0,0,,0.0,0
SHOPLIFTING-CONCEAL MERCH-RETA,369.51724137931035,145,53580,1825,0,555.2791853284289,57.0,0,21.572413793103447,145,3128,60,0,24.771103468554006,12.0,0
SHOPLIFTING-CONCEAL MERCHANDIS,219.0,120,26280,1825,0,322.50620474781624,90.0,0,16.75,120,2010,60,0,22.255676265852273,0.0,0
SHOPLIFTING-REM/ALTER TAG/BUY,293.9375,16,4703,1460,0,436.8544332307197,45.5,0,18.375,16,294,60,0,25.873731852981702,0.0,0
SHOPLIFTING-RETAIL VALUE $200,113.75,4,455,365,0,172.78961195627474,45.0,0,0.0,4,0,0,0,0.0,0.0,0
SHOPLIFTING-RETAIL VALUE $500,0.0,1,0,0,0,,0.0,0,24.0,1,24,24,24,,24.0,24
SHOPLIFTING-RETAIL VALUE $500-,449.2307692307692,13,5840,1460,0,701.3613136662816,0.0,0,32.30769230769231,13,420,60,0,31.132471299766248,60.0,60
"SHOPLIFTING-RETAIL VALUE $75,0",0.0,2,0,0,0,0.0,0.0,0,32.0,2,64,60,4,39.59797974644666,32.0,4
SHOPLIFTING-RETAIL VALUE BETWE,134.6,10,1346,527,0,220.07534063487336,0.0,0,14.4,10,144,60,0,24.61345612103717,0.5,0
SHOPLIFTING-RETAIL VALUE LESS,0.0,7,0,0,0,0.0,0.0,0,1.7142857142857142,7,12,12,0,4.535573676110727,0.0,0
SHOPLIFTING-SHOPPING CART-VALU,1182.5,2,2365,1825,540,908.6322138247135,1182.5,540,0.0,2,0,0,0,0.0,0.0,0
SHOPLIFTING-TAKE MERCH W/O PAY,269.45541401273886,628,169218,2190,0,465.2286429207981,57.0,0,26.764331210191084,628,16808,60,0,24.337706485375193,24.0,0
SHOPLIFTING-TAKE MERCH W/OUT P,152.80689655172415,435,66471,1460,0,199.039651581379,90.0,0,16.32183908045977,435,7100,64,0,21.78650824043291,0.0,0
SHOPLIFTING-TRANSFER OF CONTAI,76.94736842105263,19,1462,364,0,136.88822434713765,0.0,0,24.0,19,456,60,0,25.92296279363144,12.0,0
SHOPLIFTING-UNDER-RINGING - RE,43.125,16,690,540,0,134.59661957122103,0.0,0,22.5,16,360,60,0,18.525657883055057,24.0,24
SIMPLE ASSAULT,75.5,6,453,453,0,184.93647558012995,0.0,0,2.8333333333333335,6,17,12,0,4.915960401250875,0.0,0
SIMPLE ASSAULT AT YOUTH SPORTI,57.5,2,115,115,0,81.31727983645297,57.5,0,36.0,2,72,60,12,33.94112549695428,36.0,12
SIMPLE ASSAULT-BODILY INJURY/P,5.954545454545454,22,131,90,0,20.70306458273468,0.0,0,2.727272727272727,22,60,12,0,5.147184326746663,0.0,0
SIMPLE ASSAULT-MUTUAL CONSENT-,0.0,1,0,0,0,,0.0,0,0.0,1,0,0,0,,0.0,0
SIMPLE ASSAULT-NEG. CAUSE BI W,0.0,1,0,0,0,,0.0,0,12.0,1,12,12,12,,12.0,12
SIMPLE ASSAULT-NEGLIGENT CAUSE,4.428571428571429,7,31,30,0,11.282097069504157,0.0,0,12.0,7,84,24,0,9.797958971132712,12.0,12
"SIMPLE ASSAULT-PURP/KNOW B.I.,",9.906976744186046,86,852,280,0,44.54307311487499,0.0,0,4.255813953488372,86,366,36,0,7.412526832030202,0.0,0
SIMPLE ASSAULT-PURPOSELY/KNOWI,24.35144927536232,828,20163,1095,0,79.00189586647157,0.0,0,8.973429951690822,828,7430,72,0,10.83298600584465,12.0,0
SIMPLE ASSAULT-THREAT OF SBI B,27.642857142857142,84,2322,550,0,85.29998698528735,0.0,0,6.607142857142857,84,555,36,0,8.236003617884329,0.0,0
SIMPLE ASSAULT-THREAT SBI PHYS,0.0,8,0,0,0,0.0,0.0,0,2.25,8,18,12,0,4.464142854857069,0.0,0
SIMULATED MOTOR VEHICLE INSURA,0.0,1,0,0,0,,0.0,0,24.0,1,24,24,24,,24.0,24
SMOKING IN PROHIBITED PUBLIC P,0.0,1,0,0,0,,0.0,0,0.0,1,0,0,0,,0.0,0
SOLID WASTE VEHICLES NOT TO TR,0.0,1,0,0,0,,0.0,0,36.0,1,36,36,36,,36.0,36
SPECIAL SENTENCE PSL/CSL - VIO,296.10133333333334,375,111038,1775,0,244.06796496525652,364.0,365,1.632,375,612,60,0,7.838137943230673,0.0,0
SPECULATE/WAGER OFFICIAL ACTIO,373.85714285714283,7,2617,1825,0,704.6872659961601,0.0,0,16.285714285714285,7,114,60,0,21.55391910004834,12.0,0
STALKING,0.0,1,0,0,0,,0.0,0,12.0,1,12,12,12,,12.0,12
STALKING (WHILE ON PAROLE OR O,270.0,1,270,270,270,,270.0,270,36.0,1,36,36,36,,36.0,36
STALKING WHILE ON PAROLE OR PR,506.5,4,2026,1095,203,399.60689016415455,364.0,364,18.0,4,72,60,0,28.5657137141714,6.0,0
STALKING-ENGAGE CONDUCT REASON,129.96666666666667,120,15596,638,0,177.65091505266054,9.0,0,21.8,120,2616,60,0,18.924707073429865,24.0,0
STALKING-REPEAT OFFENDER AND S,1168.0,5,5840,1460,1095,163.23296235748464,1095.0,1095,0.0,5,0,0,0,0.0,0.0,0
STALKING-STALKING IN VIOLATION,243.04705882352943,85,20659,1825,0,427.5964359589752,90.0,0,27.152941176470588,85,2308,60,0,19.780645833233855,24.0,36
STALKING-VIOL CT ORDER/SAME VI,1095.0,1,1095,1095,1095,,1095.0,1095,0.0,1,0,0,0,,0.0,0
STRICT LIABILITY VEHICULAR HOM,546.4285714285714,14,7650,1460,0,503.017925095153,364.0,364,30.857142857142858,14,432,60,0,24.327436688319132,36.0,36
"SUBJ OR THREAT TO STRIKING,KIC",579.0,1,579,579,579,,579.0,579,0.0,1,0,0,0,,0.0,0
"TAKES,OPERATES,EXERCISE CNTRL",0.0,2,0,0,0,0.0,0.0,0,48.0,2,96,60,36,16.97056274847714,48.0,36
TAMPER W/PUB RECS-DESTROY LEO,360.0,1,360,360,360,,360.0,360,0.0,1,0,0,0,,0.0,0
TAMPER W/PUB RECS-FALSE ENTRY,31.555555555555557,9,284,272,0,90.25396267077572,0.0,0,20.0,9,180,36,0,16.97056274847714,24.0,36
TAMPER W/PUB RECS-MAKE FALSE E,0.0,6,0,0,0,0.0,0.0,0,4.0,6,24,12,0,6.196773353931867,0.0,0
TAMPER W/PUB RECS-USE OR FILE,304.52941176470586,17,5177,1460,0,472.4223636809358,0.0,0,21.529411764705884,17,366,60,0,18.861725951841017,24.0,0
TAMPER W/PUB RECS-USE/FILE FAL,0.3333333333333333,12,4,4,0,1.1547005383792517,0.0,0,2.0,12,24,12,0,4.670993664969138,0.0,0
TAMPERING WITH PHYSICAL EVID-M,451.0,1,451,451,451,,451.0,451,0.0,1,0,0,0,,0.0,0
TAMPERING WITH PHYSICAL EVIDEN,176.19354838709677,31,5462,540,0,225.35045586150753,3.0,0,14.806451612903226,31,459,60,0,19.14579040736059,12.0,0
TAMPERING WITH RECORDS-DESTROY,130.9,10,1309,364,0,138.95358937429432,112.5,0,19.8,10,198,60,0,18.772320048411704,21.0,0
TERRORISTIC THREATS-OCCURS DUR,854.2222222222222,9,7688,1825,0,853.1700852962699,1095.0,0,20.0,9,180,60,0,30.0,0.0,0
TERRORISTIC THREATS-THREAT TO,531.5214408233276,583,309877,132860,0,5513.384890518708,2.0,0,23.32418524871355,583,13598,60,0,20.36166674140309,24.0,0
TERRORISTIC THREATS-THREATEN I,381.35377358490564,424,161694,1825,0,525.6657715602013,125.0,0,21.358490566037737,424,9056,60,0,20.71063210889017,24.0,0
THEFT,258.0,12,3096,1095,0,325.38564532231317,180.0,0,18.5,12,222,60,0,23.090730135312267,9.0,0
"THEFT BETWEEN $500. - $75,000",0.0,1,0,0,0,,0.0,0,0.0,1,0,0,0,,0.0,0
THEFT BY DECEPTION,0.0,4,0,0,0,0.0,0.0,0,18.0,4,72,36,0,15.491933384829668,18.0,0
THEFT BY DECEPTION-FALSE IMPR-,164.70967741935485,31,5106,1460,0,367.7181160933274,0.0,0,14.32258064516129,31,444,60,0,19.20483810011459,0.0,0
THEFT BY DECEPTION-FALSE IMPRE,0.0,4,0,0,0,0.0,0.0,0,0.0,4,0,0,0,0.0,0.0,0
THEFT BY DECEPTION-VALUE $200-,1537.0461538461539,65,99908,93440,0,11580.127906286767,0.0,0,21.107692307692307,65,1372,60,0,21.52042857737378,12.0,0
THEFT BY DECEPTION-VALUE $500-,581.7871794871795,390,226897,134320,0,6806.204898408173,0.0,0,28.584615384615386,390,11148,60,0,22.929348717921336,24.0,0
THEFT BY DECEPTION-VALUE $7500,1278.5142857142857,35,44748,3285,0,945.4495467121191,1095.0,0,14.057142857142857,35,492,60,0,24.26076820608902,0.0,0
THEFT BY DECEPTION-VALUE LESS,5.029411764705882,68,342,155,0,22.921651491799217,0.0,0,5.352941176470588,68,364,36,0,8.431930615638148,0.0,0
THEFT BY DECEPTN-FAIL CORRECT,165.0,1,165,165,165,,165.0,165,0.0,1,0,0,0,,0.0,0
THEFT BY EXTORTION-EXPOSE SECR,1825.0,1,1825,1825,1825,,1825.0,1825,0.0,1,0,0,0,,0.0,0
THEFT BY EXTORTION-INFLICT BI/,598.5714285714286,7,4190,1825,90,838.4545022724562,90.0,90,42.857142857142854,7,300,60,0,29.277002188455995,60.0,60
THEFT BY EXTORTION-INFLICT HAR,1095.0,1,1095,1095,1095,,1095.0,1095,0.0,1,0,0,0,,0.0,0
THEFT BY EXTORTION-VALUE $7500,3285.0,1,3285,3285,3285,,3285.0,3285,0.0,1,0,0,0,,0.0,0
THEFT BY UNLAW TAKING-DEPRIVE,0.0,1,0,0,0,,0.0,0,60.0,1,60,60,60,,60.0,60
THEFT BY UNLAWFL TAKNG-IMMOVAB,128.57142857142858,7,900,540,0,193.42772736680158,90.0,0,36.0,7,252,60,0,30.199337741083,60.0,60
THEFT BY UNLAWFL TAKNG-IMMOVBL,179.76470588235293,17,3056,1460,0,426.2285961505523,0.0,0,16.235294117647058,17,276,60,0,20.75912272882908,12.0,0
THEFT BY UNLAWFL TAKNG-MOVABLE,418.11620676253403,2573,1075813,132860,0,3731.659167606034,2.0,0,23.05169063350175,2573,59312,60,0,23.029210313461522,18.0,0
THEFT BY UNLAWFL TAKNG-VALUE $,376.1645569620253,79,29717,1825,0,579.0721674696015,38.0,0,13.708860759493671,79,1083,60,0,21.668926055017106,0.0,0
THEFT BY UNLAWFL TAKNG-VALUE 7,0.0,1,0,0,0,,0.0,0,24.0,1,24,24,24,,24.0,24
THEFT BY UNLAWFL TAKNG-VALUE L,2.0,10,20,20,0,6.324555320336758,0.0,0,2.4,10,24,12,0,5.059644256269407,0.0,0
THEFT BY UNLAWFUL TAKING,168.5,2,337,337,0,238.2949852598665,168.5,0,0.0,2,0,0,0,0.0,0.0,0
THEFT BY UNLAWFUL TAKING/DISPO,11.25,16,180,180,0,45.0,0.0,0,12.375,16,198,60,0,15.56438241627338,12.0,12
THEFT BY UNLAWFUL TAKNG-MOVABL,16.380165289256198,363,5946,446,0,56.55954514433376,0.0,0,7.132231404958677,363,2589,60,0,11.188694581743725,0.0,0
THEFT CREDIT CARDS-TAKING,74.33333333333333,3,223,223,0,128.74911002928656,0.0,0,16.0,3,48,48,0,27.712812921102035,0.0,0
THEFT FROM GRAVE SITES-REM HEA,91.0,3,273,273,0,157.61662348876783,0.0,0,2.0,3,6,3,0,1.7320508075688772,3.0,3
THEFT FROM GRAVE SITES-REMOVE,0.0,1,0,0,0,,0.0,0,0.0,1,0,0,0,,0.0,0
THEFT FROM THE PERSON,1095.0,3,3285,1825,0,965.6992285385755,1460.0,0,20.0,3,60,60,0,34.64101615137755,0.0,0
THEFT OF PROP LOST MISLAID/DEL,0.0,5,0,0,0,0.0,0.0,0,4.8,5,24,12,0,6.572670690061994,0.0,0
THEFT OF PROP LOST/MISLAID/DEL,2.3333333333333335,3,7,7,0,4.041451884327381,0.0,0,28.0,3,84,60,0,30.199337741083,24.0,0
THEFT OF PROP LOST/MISLAID/ETC,225.5,16,3608,1460,0,434.5908420572159,0.0,0,28.5,16,456,60,0,19.53458471531965,24.0,24
THEFT OF PROPERTY LOST/MISLAID,0.0,1,0,0,0,,0.0,0,12.0,1,12,12,12,,12.0,12
THEFT OF SERVCS-KNOW SERVCS CO,2.533333333333333,15,38,27,0,7.039345207644029,0.0,0,3.2,15,48,24,0,7.123402076455964,0.0,0
THEFT OF SERVICES-ELECTRIC MET,0.0,1,0,0,0,,0.0,0,0.0,1,0,0,0,,0.0,0
THEFT OF SERVICES-KNOW SERVCES,215.77777777777777,9,1942,1460,0,473.31854436990363,0.0,0,33.333333333333336,9,300,60,0,24.576411454889016,36.0,36
THEFT OF SERVICES-KNOW SERVICE,0.0,1,0,0,0,,0.0,0,0.0,1,0,0,0,,0.0,0
THEFT OF SERVICES-VALUE LESS T,0.0,2,0,0,0,0.0,0.0,0,0.0,2,0,0,0,0.0,0.0,0
THEFT- VALUE $75000+/EXTORTN/C,0.0,1,0,0,0,,0.0,0,24.0,1,24,24,24,,24.0,24
THEFT-BREACH OF FIDUCIARY DUTY,1095.0,1,1095,1095,1095,,1095.0,1095,0.0,1,0,0,0,,0.0,0
THEFT-BY EXTORTION,1825.0,1,1825,1825,1825,,1825.0,1825,0.0,1,0,0,0,,0.0,0
THEFT-BY THREAT NOT AMOUNTING,0.0,4,0,0,0,0.0,0.0,0,54.0,4,216,60,36,12.0,60.0,60
THEFT-ELECTRONIC VEHICLE ID SY,0.0,1,0,0,0,,0.0,0,12.0,1,12,12,12,,12.0,12
THEFT-FIREARM/MV/VESSEL/ BOAT/,148.33333333333334,3,445,355,0,184.54899981667018,90.0,0,20.0,3,60,60,0,34.64101615137755,0.0,0
THEFT-FROM THE PERSON OF ANOTH,376.4117647058824,153,57591,2190,0,573.3834889382471,14.0,0,24.19607843137255,153,3702,60,0,23.125247885877506,24.0,0
THEFT-VAL LESS THAN $200/ELECT,0.0,3,0,0,0,0.0,0.0,0,20.0,3,60,60,0,34.64101615137755,0.0,0
THEFT-VALUE $200-$499,199.8125,16,3197,540,0,205.41607166918558,180.0,0,18.75,16,300,60,0,25.911387458027022,0.0,0
THEFT-VALUE $500-$74999/FIREAR,608.0,3,1824,1460,0,759.968420396532,364.0,0,20.0,3,60,60,0,34.64101615137755,0.0,0
THEFT-VALUE $75000+,0.0,1,0,0,0,,0.0,0,60.0,1,60,60,60,,60.0,60
"THEFT-VALUE BETWEEN $500-$74,9",368.5,14,5159,1825,0,618.9710755016687,15.0,0,26.142857142857142,14,366,60,0,28.005101576064927,15.0,0
THEFT-VALUE LESS THAN $200,59.65384615384615,26,1551,1095,0,215.3631244772777,0.0,0,2.076923076923077,26,54,12,0,4.4714478811505955,0.0,0
THREAT TO KILL,365.0,3,1095,1095,0,632.1985447626403,0.0,0,16.0,3,48,24,0,13.856406460551018,24.0,24
THROWING BODILY FLUID AT LAW E,195.81720430107526,186,36422,1095,0,230.88557813102705,95.5,0,14.03225806451613,186,2610,60,0,18.6799222250266,0.0,0
TRADEMARK COUNT:DISP ETC CNTFE,5.333333333333333,6,32,32,0,13.063945294843617,0.0,0,24.0,6,144,48,0,16.97056274847714,24.0,24
TRAFFIC PERSL ID INFO-MAKE ETC,450.5806451612903,31,13968,2190,0,643.8554586340812,90.0,0,26.64516129032258,31,826,60,0,24.491560978014142,24.0,0
TRAFFIC PERSNL ID INFO-20+ ITE,0.0,2,0,0,0,0.0,0.0,0,24.0,2,48,24,24,0.0,24.0,24
TRAFFIC PERSNL ID INFO-POSSESS,74.2,5,371,341,0,149.71038708119087,0.0,0,22.4,5,112,58,0,21.789905919943756,18.0,0
UNAUTHORIZED PRACTICE OF LAW-E,0.0,1,0,0,0,,0.0,0,12.0,1,12,12,12,,12.0,12
UNLAW POSS CDS->1OZ,365.0,1,365,365,365,,365.0,365,0.0,1,0,0,0,,0.0,0
UNLAW POSS WEAP-HANDGUN,0.0,1,0,0,0,,0.0,0,36.0,1,36,36,36,,36.0,36
UNLAW POSS WEAP-OTHER,105.83333333333333,6,635,365,0,166.6858322313767,0.0,0,32.0,6,192,60,0,24.78709341572747,30.0,60
UNLAW POSS WEAP-RIFLES/SHOTGUN,1460.0,4,5840,1825,1095,421.46569650842684,1460.0,1095,0.0,4,0,0,0,0.0,0.0,0
UNLAW RELEASE OF RECORD/REPORT,0.0,1,0,0,0,,0.0,0,12.0,1,12,12,12,,12.0,12
UNLAW TAKING MEANS CONVEYANCE-,198.5948275862069,116,23037,2190,0,357.1894145772759,0.0,0,17.948275862068964,116,2082,60,0,20.38151115598397,12.0,0
UNLAW TAKING MEANS OF CONVEYAN,172.45263157894738,190,32766,564,0,196.7814176079375,90.0,0,15.126315789473685,190,2874,60,0,18.599790694198777,12.0,0
UNLAWFUL POSS HANDGUN-BBGUN/SP,668.0,3,2004,1825,0,1005.9806161154398,179.0,0,28.0,3,84,60,0,30.199337741083,24.0,0
UNLAWFUL POSS OF HANDGUN W/OUT,1202.7619047619048,21,25258,2920,0,729.7483747677622,1095.0,1095,4.0,21,84,36,0,10.954451150103324,0.0,0
UNLAWFUL POSS WEAP - OTHER WEA,523.332,500,261666,194180,0,8680.366631397948,0.0,0,15.28,500,7640,60,0,16.509716577911497,12.0,0
UNLAWFUL POSS WEAP - RIFLE/SHO,1022.0,10,10220,1825,0,821.5878934518611,1460.0,0,6.0,10,60,24,0,10.198039027185569,0.0,0
UNLAWFUL POSS WEAP - RIFLES/SH,7591.489795918367,49,371983,342735,0,48880.27968547338,97.0,0,13.591836734693878,49,666,60,0,18.239058783449394,0.0,0
UNLAWFUL POSS WEAP- MACHINE GU,962.1818181818181,11,10584,2555,0,941.6322868489395,1095.0,0,17.454545454545453,11,192,60,0,21.708816809598982,0.0,0
UNLAWFUL POSS WEAPON - HANDGUN,351.2959183673469,98,34427,3285,0,631.0649517959546,0.0,0,19.459183673469386,98,1907,60,0,18.607818092729246,15.5,0
UNLAWFUL POSS WEAPON - OTHER W,364.0,1,364,364,364,,364.0,364,12.0,1,12,12,12,,12.0,12
UNLAWFUL POSS WEAPON- PRIOR CO,3170.9375,16,50735,6570,1825,1446.0558066109804,3285.0,1825,0.0,16,0,0,0,0.0,0.0,0
UNLAWFUL POSS WEAPON-HANDGUNS,1355.5498622589532,1815,2460323,167535,0,3986.2439508015304,1460.0,1825,7.583471074380165,1815,13764,60,0,15.139030511755024,0.0,0
UNLAWFUL POSSESSION OF WEAPON,259.0,1,259,259,259,,259.0,259,0.0,1,0,0,0,,0.0,0
UNLAWFUL POSSESSION OF WEAPON-,2920.0,1,2920,2920,2920,,2920.0,2920,0.0,1,0,0,0,,0.0,0
UNLAWFUL POSSESSION OF WEAPONS,973.9197080291971,137,133427,3650,0,912.4908062259983,1095.0,0,11.467153284671532,137,1571,60,0,17.434352117253738,0.0,0
UNLAWFUL PRACTICE OF DENTISTRY,0.0,1,0,0,0,,0.0,0,12.0,1,12,12,12,,12.0,12
UNLAWFUL TAKING OF A MEANS OF,11.25,16,180,180,0,45.0,0.0,0,6.75,16,108,24,0,8.729261137118078,0.0,0
UNLAWFULLY POSS 5 OR MORE UNIT,84.0,1,84,84,84,,84.0,84,36.0,1,36,36,36,,36.0,36
UNLICENSED PRAC OF MED-KNOWNGL,1095.0,1,1095,1095,1095,,1095.0,1095,0.0,1,0,0,0,,0.0,0
UNLICENSED PRAC OF MED-PRETEND,340.0,1,340,340,340,,340.0,340,0.0,1,0,0,0,,0.0,0
UNREGISTERED HOME IMPROVEMENTS,0.0,1,0,0,0,,0.0,0,60.0,1,60,60,60,,60.0,60
UNSWORN FALSFICTN AUTH-FALSE I,0.0,1,0,0,0,,0.0,0,12.0,1,12,12,12,,12.0,12
UNSWORN FALSFICTN AUTH-FALSE W,0.0,2,0,0,0,0.0,0.0,0,6.0,2,12,12,0,8.48528137423857,6.0,0
UNSWORN FALSFICTN AUTH-FORGED/,0.0,3,0,0,0,0.0,0.0,0,0.0,3,0,0,0,0.0,0.0,0
UNSWORN FALSIFICTN AUTH-FALSE,0.0,2,0,0,0,0.0,0.0,0,6.0,2,12,12,0,8.48528137423857,6.0,0
USE OF ID INFO OF ANOTHER-DRIV,547.5,2,1095,1095,0,774.2819253992695,547.5,0,30.0,2,60,60,0,42.42640687119285,30.0,0
USE/POSS W/INTENT TO USE DRUG,14.696969696969697,66,970,238,0,45.43328826954618,0.0,0,3.6363636363636362,66,240,12,0,5.55707826839958,0.0,0
USE/POSS W/INTEUSE/POSS W/INT,1.0508474576271187,59,62,18,0,3.892626667544854,0.0,0,3.152542372881356,59,186,60,0,9.735844825148993,0.0,0
USE/POSSESS ELECTRONIC COMMUNI,498.3333333333333,9,4485,1095,0,567.0207227253692,105.0,0,14.666666666666666,9,132,60,0,26.0,0.0,0
VEHICLE TITLE FRAUD-FALSE STAT,1095.0,1,1095,1095,1095,,1095.0,1095,0.0,1,0,0,0,,0.0,0
VEHICLE TITLE FRAUD-FORGE/CHAN,0.0,1,0,0,0,,0.0,0,12.0,1,12,12,12,,12.0,12
VEHICLE TITLE FRAUD-MISREPRESE,0.0,1,0,0,0,,0.0,0,1.0,1,1,1,1,,1.0,1
VEHICULAR HOMICIDE-DWI/REFUSAL,3041.6666666666665,3,9125,3650,1825,1053.6642412710669,3650.0,3650,0.0,3,0,0,0,0.0,0.0,0
VEHICULAR HOMICIDE-RESULT OF F,375.5,2,751,751,0,531.0371926710972,375.5,0,42.0,2,84,60,24,25.45584412271571,42.0,24
VIOLATION OF FIREARMS REGULATI,84.25,28,2359,540,0,171.78337456744111,0.0,0,12.321428571428571,28,345,36,0,10.274216457206059,12.0,0
VIOLATION OF PROBATION OR SUSP,30.0,1,30,30,30,,30.0,30,60.0,1,60,60,60,,60.0,60
VIOLATION OF PUBLIC HEALTH & S,912.5,4,3650,1825,0,1053.6642412710669,912.5,0,18.0,4,72,60,0,28.5657137141714,6.0,0
VIOLATION OF PUBLIC HEALTH/SAF,730.0,3,2190,1095,0,632.1985447626403,1095.0,1095,8.0,3,24,24,0,13.856406460551018,0.0,0
VIOLATION OF REG PROVISION - F,15.0,4,60,60,0,30.0,0.0,0,18.0,4,72,48,0,20.784609690826528,12.0,12
VIOLATION REGULATIONS PROVISIO,0.0,1,0,0,0,,0.0,0,0.0,1,0,0,0,,0.0,0
WAGER ON OFFICIAL ACT-INTEREST,0.0,2,0,0,0,0.0,0.0,0,18.0,2,36,36,0,25.45584412271571,18.0,0
WANDER/REMAIN/PROWL IN PUBLIC,5.037037037037037,135,680,180,0,26.702173707538744,0.0,0,1.0222222222222221,135,138,24,0,4.308039458976613,0.0,0
WANDERING,0.0,2,0,0,0,0.0,0.0,0,0.0,2,0,0,0,0.0,0.0,0
WANDERING/PROWLING TO OBTAIN/S,11.142536475869809,891,9928,379,0,39.760220901591204,0.0,0,2.0830527497194162,891,1856,60,0,6.21703478008326,0.0,0
WASTE DISPOSAL-BETWEEN 10-99CY,0.0,1,0,0,0,,0.0,0,0.0,1,0,0,0,,0.0,0
WEAP MFG-SAWED-OFF SHOTGUN,0.0,1,0,0,0,,0.0,0,60.0,1,60,60,60,,60.0,60
WEAP MFG-WEAPONS,0.0,1,0,0,0,,0.0,0,24.0,1,24,24,24,,24.0,24
WEAP POSS-SAWED-OFF SHOTGUN,1825.0,1,1825,1825,1825,,1825.0,1825,0.0,1,0,0,0,,0.0,0
WEAPON POSS DURING CDS/BIAS OF,0.0,1,0,0,0,,0.0,0,36.0,1,36,36,36,,36.0,36
WEAPON POSS UNLAW PURPOSE-OTHE,22.5,4,90,90,0,45.0,0.0,0,12.0,4,48,24,0,9.797958971132712,12.0,12
WEAPON POSSESSION EXCEPT FIREA,90.0,3,270,180,0,90.0,90.0,0,60.0,3,180,60,60,0.0,60.0,60
WEAPONS-MANU/TRANS/DISP/DEFACE,0.0,1,0,0,0,,0.0,0,12.0,1,12,12,12,,12.0,12
WEAPONS-MANU/TRANSP/DISP/DEFAC,190.0,2,380,200,180,14.142135623730951,190.0,180,18.0,2,36,36,0,25.45584412271571,18.0,0
WEAPONS-MANU/TRANSPO /DISP/DEF,0.0,1,0,0,0,,0.0,0,36.0,1,36,36,36,,36.0,36
WEAPONS-MANU/TRANSPO/ DISP/DEF,6.0,2,12,12,0,8.48528137423857,6.0,0,24.0,2,48,48,0,33.94112549695428,24.0,0
WEAPONS-MANU/TRANSPO/DISP /DEF,160.21818181818182,110,17624,1080,0,219.13522203869525,0.0,0,20.12727272727273,110,2214,60,0,19.41394046135055,12.0,0
WEAPONS-MANU/TRANSPO/DISP/DEFA,1003.75,4,4015,2920,0,1377.8447844369118,547.5,0,26.25,4,105,60,0,30.923292192132454,22.5,0
WEAPONS-TRANSPORTS/SHIPS/SELLS,1825.0,1,1825,1825,1825,,1825.0,1825,0.0,1,0,0,0,,0.0,0
WIDESPREAD INJURY OR DAMAGE-CA,1532.0,5,7660,3650,0,1934.856583832507,180.0,180,34.0,5,170,60,0,31.304951684997054,50.0,0
WIDESPREAD INJURY OR DAMAGE-FA,540.0,1,540,540,540,,540.0,540,0.0,1,0,0,0,,0.0,0
WIDESPREAD INJURY OR DAMAGE-NO,149.625,8,1197,540,0,244.30305389588798,0.0,0,15.75,8,126,36,0,15.35996651782065,15.0,0
WIDESPREAD INJURY OR DAMAGE-RE,28.0,1,28,28,28,,28.0,28,60.0,1,60,60,60,,60.0,60
WILLFULL FAILURE TO REPORT DEA,197.0,2,394,364,30,236.17366491630688,197.0,30,24.0,2,48,24,24,0.0,24.0,24
WITH INTENT TO DISTRIBUTE CDS,0.0,1,0,0,0,,0.0,0,24.0,1,24,24,24,,24.0,24
WITNESS TAMPERING-BRIBERY OF W,463.0,1,463,463,463,,463.0,463,48.0,1,48,48,48,,48.0,48
WITNESS TAMPERING-CAUSE FLSE T,2555.0,1,2555,2555,2555,,2555.0,2555,0.0,1,0,0,0,,0.0,0
WITNESS TAMPERING-DISOBEY SUMM,545.0,3,1635,1095,0,547.5171230199106,540.0,0,12.0,3,36,36,0,20.784609690826528,0.0,0
WITNESS TAMPERING-OBSTRUCT OFF,1277.375,8,10219,4015,0,1473.0665718154085,912.0,0,9.0,8,72,36,0,13.979576940257221,0.0,0
WITNESS TAMPERING-RET AGAINST,1082.3636363636363,11,11906,6935,0,2005.8194970000302,280.0,0,10.909090909090908,11,120,36,0,16.501239622855888,0.0,0
WITNESS TAMPERING-TO CAUSE FAL,1533.0,5,7665,2555,0,944.7790747047693,1825.0,1825,0.0,5,0,0,0,0.0,0.0,0
WITNESS TAMPERING-TO CAUSE FLS,660.9677419354839,31,20490,1825,0,747.7197105810425,239.0,0,13.741935483870968,31,426,60,0,16.913441877070213,12.0,0
WITNESS TAMPERING-WITHHOLD TES,1643.2857142857142,14,23006,6570,0,1950.6437765151134,1095.0,0,15.428571428571429,14,216,60,0,25.963626289674757,0.0,0
WITNESS TAMPERING-WITNESS/INFO,546.0,1,546,546,546,,546.0,546,0.0,1,0,0,0,,0.0,0
WITNESS TAMPRING-CAUSE FALSE T,53.5,2,107,107,0,75.66042558696059,53.5,0,12.0,2,24,24,0,16.97056274847714,12.0,0
